lon,lat,SURF_ug_PM,CAS.All.Ad,Stato
13.194500000000000,46.935000000000002,3.370926856994630,3.835803031921390,Austria
13.914500000000000,46.695399999999999,6.053019523620610,4.932392597198490,Austria
14.457400000000000,46.866599999999998,5.833692073822020,4.236066341400150,Austria
16.062500000000000,48.329400000000000,9.499794006347660,5.744456291198730,Austria
16.331499999999998,48.124699999999997,10.630700111389199,6.311340332031250,Austria
16.313900000000000,48.302500000000002,9.879344940185550,6.013845443725590,Austria
19.449200000000001,41.319899999999997,9.866984367370600,7.511397838592530,Albania
19.523399999999999,42.313899999999997,4.916419506073000,4.618534564971920,Albania
15.935000000000000,48.276400000000002,9.157790184021000,5.557795524597170,Austria
15.619999999999999,48.201400000000000,10.012414932251000,5.827804565429690,Austria
14.519500000000001,48.192300000000003,9.903505325317379,5.922235965728760,Austria
16.254999999999999,47.814200000000000,8.826343536376950,5.565329074859620,Austria
16.431100000000001,48.085700000000003,9.871847152709959,6.037698268890380,Austria
14.398300000000001,46.610100000000003,12.465757369995099,6.916828632354740,Austria
16.729399999999998,48.334699999999998,9.442857742309570,5.743162631988530,Austria
13.701499999999999,46.554200000000002,7.468995094299320,5.567503452301030,Austria
15.859999999999999,47.670299999999997,5.325560569763180,3.856421232223510,Austria
19.486200000000000,40.403100000000002,7.208476066589360,6.268059253692630,Albania
16.205700000000000,47.959200000000003,8.967773437500000,5.738726615905760,Austria
16.675300000000000,48.049999999999997,9.455351829528810,5.862654685974120,Austria
15.619199999999999,48.408600000000000,8.617114067077640,5.354215621948240,Austria
15.918900000000001,48.105100000000000,7.037199974060060,4.903965950012210,Austria
16.526199999999999,47.840100000000000,9.776774406433100,5.943642139434810,Austria
13.039199999999999,48.257500000000000,9.729508399963381,5.410926342010500,Austria
1.539100000000000,42.509700000000002,3.719181060791020,4.228404045104980,Andorra
16.578800000000001,48.578299999999999,8.859573364257812,5.485105991363530,Austria
16.302199999999999,48.086100000000002,10.034368515014600,6.129799842834470,Austria
13.632199999999999,47.716099999999997,5.280553340911870,3.982565641403200,Austria
15.746900000000000,48.353299999999997,8.684015274047850,5.384021759033200,Austria
16.143400000000000,48.195500000000003,8.492549896240233,5.345712184906010,Austria
16.521999999999998,48.392899999999997,9.106330871582029,5.676513671875000,Austria
13.493900000000000,46.801400000000001,5.360002040863040,4.641999721527100,Austria
20.780200000000001,40.625900000000001,7.694717884063720,5.795859336853030,Albania
16.475899999999999,48.145600000000002,10.636093139648400,6.215774536132810,Austria
14.366500000000000,48.279800000000002,14.264447212219199,7.664503574371340,Austria
14.297499999999999,48.306100000000001,10.338604927063001,6.352786540985110,Austria
14.843500000000001,46.835000000000001,8.094830513000490,5.400522708892820,Austria
15.498400000000000,48.724200000000003,6.832665443420410,4.794080734252930,Austria
14.289500000000000,48.291100000000000,11.707033157348601,6.506007671356200,Austria
15.545500000000001,48.370399999999997,7.705829143524170,4.881875038146970,Austria
15.046700000000000,48.878599999999999,6.792595386505130,4.390366554260251,Austria
15.320900000000000,47.861400000000003,5.052724361419680,3.994259834289550,Austria
14.574700000000000,48.531100000000002,7.082278728485110,4.598571777343750,Austria
15.205000000000000,48.212800000000001,8.874146461486820,5.407134532928470,Austria
14.878800000000000,48.119900000000001,10.220558166503899,5.911990642547610,Austria
15.907100000000000,48.345100000000002,9.496582031250000,5.647696018218990,Austria
16.957899999999999,48.144199999999998,9.951823234558100,6.041179180145260,Austria
17.070300000000000,48.109200000000001,11.301534652710000,6.675115108489990,Slovacchia
14.772300000000000,48.045099999999998,7.450652122497560,4.970273971557620,Austria
20.081700000000001,41.110999999999997,9.753128051757811,6.845480442047120,Albania
16.636299999999999,48.230699999999999,9.590120315551760,5.801266193389890,Austria
14.365800000000000,46.771099999999997,7.975633621215820,5.441083908081050,Austria
14.299099999999999,46.626600000000003,10.877183914184601,6.251931667327880,Austria
16.293099999999999,47.608300000000000,6.476991176605220,4.905644416809080,Austria
14.237600000000000,48.225299999999997,11.953393936157200,6.775513172149660,Austria
13.720700000000001,47.815899999999999,5.165248870849610,4.115426540374761,Austria
14.436900000000000,48.209400000000002,11.625797271728500,6.674196243286130,Austria
14.529999999999999,46.842799999999997,5.571076393127440,4.353603363037111,Austria
14.891700000000000,46.708300000000001,8.514454841613770,5.543442249298100,Austria
14.036600000000000,48.164900000000003,10.828228950500501,6.343533039093020,Austria
14.865100000000000,48.179299999999998,9.794830322265620,5.825567245483400,Austria
14.442800000000000,48.049399999999999,8.794075012207029,5.525302886962890,Austria
13.667600000000000,48.000900000000001,9.099362373352051,5.603617191314700,Austria
13.053300000000000,47.797400000000003,11.100436210632299,7.057120800018310,Austria
13.043300000000000,47.805599999999998,12.372553825378400,7.270862579345700,Austria
13.600800000000000,47.971899999999998,9.348346710205080,5.607937335968020,Austria
13.100000000000000,47.682600000000001,6.878879547119140,5.100584506988530,Austria
13.205600000000000,47.351399999999998,4.954878807067870,4.468742847442630,Austria
13.505100000000001,47.154100000000000,3.237228393554690,3.706068038940430,Austria
12.795100000000000,47.326599999999999,4.429106712341311,4.449381828308110,Austria
15.152799999999999,47.044699999999999,7.109005928039550,4.958622455596920,Austria
13.232799999999999,47.650300000000001,5.824129581451420,4.560651779174800,Austria
13.015800000000000,47.936700000000002,9.261917114257811,5.895051002502440,Austria
13.808000000000000,47.125700000000002,4.359758377075200,3.993235826492310,Austria
15.086700000000000,47.063299999999998,6.098956584930420,4.770407199859620,Austria
15.437500000000000,47.075800000000001,12.462245941162100,7.655579566955570,Austria
14.676700000000000,47.178100000000001,5.773172855377200,4.364559650421140,Austria
14.825300000000000,47.210400000000000,6.960160255432130,4.865420341491700,Austria
15.351100000000001,47.120300000000000,9.182210922241209,5.970736980438230,Austria
15.074100000000000,47.375300000000003,9.438426017761230,5.893074989318850,Austria
15.495799999999999,46.871400000000001,11.035838127136200,6.728834629058840,Austria
15.103700000000000,47.359099999999998,7.625049591064450,5.470459461212160,Austria
15.882199999999999,47.348100000000002,6.247971534729000,4.763365268707280,Austria
14.753299999999999,47.192500000000003,6.361257553100590,4.513819217681880,Austria
13.796700000000000,47.630600000000001,4.930962562561040,4.187449932098390,Austria
15.433100000000000,47.041699999999999,14.354103088378899,8.100385665893549,Austria
15.290300000000000,47.445799999999998,7.153350353240970,5.175457477569580,Austria
15.360799999999999,47.405600000000000,7.286032676696780,5.086859703063960,Austria
15.971900000000000,47.282899999999998,8.326449394226072,5.421523094177250,Austria
14.244700000000000,47.565399999999997,5.016802787780760,3.717091083526610,Austria
15.628299999999999,47.217199999999998,7.195150852203370,4.997725009918210,Austria
15.345800000000001,47.206400000000002,7.440021991729740,5.183387756347660,Austria
15.673100000000000,47.604700000000001,5.187121391296390,4.086936473846440,Austria
15.540600000000000,46.778300000000002,12.123768806457500,7.449011325836180,Austria
15.956300000000001,46.767200000000003,10.414748191833500,6.528512477874760,Austria
14.330700000000000,47.040300000000002,5.280248641967770,4.226744174957280,Austria
13.639400000000000,47.360300000000002,3.667189121246340,3.120333671569820,Austria
11.392400000000000,47.262599999999999,9.020966529846190,5.051455497741700,Austria
11.416900000000000,47.271299999999997,9.495856285095220,5.490001201629640,Austria
11.375999999999999,47.305599999999998,5.863759040832520,4.781079292297360,Austria
15.212800000000000,46.813899999999997,7.717466354370120,5.456002712249760,Austria
11.390700000000001,47.239600000000003,5.936298370361330,5.065700531005860,Austria
16.079000000000001,47.047400000000003,9.691206932067869,6.129741191864010,Austria
15.367800000000001,46.651899999999998,8.559204101562500,5.820457458496090,Austria
11.871800000000000,47.428600000000003,6.570118427276610,4.722483634948730,Austria
12.066599999999999,47.488599999999998,5.897490024566650,4.387487888336180,Austria
11.512499999999999,47.278100000000002,7.181054592132570,5.116462230682370,Austria
11.958000000000000,47.468899999999998,6.330503940582280,4.484028339385990,Austria
10.735700000000000,47.216900000000003,4.537300109863280,3.652893304824830,Austria
10.682300000000000,47.469799999999999,4.337715148925781,3.649992465972900,Austria
10.744100000000000,47.447600000000001,4.042803764343260,3.447138309478760,Austria
11.694500000000000,47.350000000000001,5.392551422119140,5.047871112823490,Austria
9.926700000000000,47.529200000000003,4.742390632629390,3.627907514572140,Austria
12.766000000000000,46.819099999999999,7.034101009368900,5.911746501922610,Austria
9.743200000000000,47.409500000000001,7.691020488739010,5.037341594696040,Austria
9.597500000000000,47.239199999999997,7.069248199462890,5.205981731414790,Austria
9.650499999999999,47.432499999999997,11.584115982055700,6.769049644470210,Austria
12.172400000000000,47.581800000000001,7.449295043945310,5.022486209869380,Austria
16.349799999999998,48.219099999999997,11.365665435791000,6.690580844879150,Austria
16.361400000000000,48.174399999999999,11.312325477600099,6.615623474121090,Austria
9.640599999999999,47.459699999999998,12.129235267639199,6.841764926910400,Austria
16.434600000000000,48.203099999999999,10.225515365600600,6.174896717071530,Austria
10.034300000000000,47.128900000000002,2.524884462356570,2.645165681838990,Austria
16.396999999999998,48.261099999999999,10.515521049499499,6.131044864654540,Austria
16.297200000000000,48.270200000000003,9.669392585754400,5.923567295074460,Austria
9.822900000000001,47.156500000000001,4.930031299591060,4.069426059722901,Austria
16.525600000000001,48.162100000000002,9.521331787109380,6.021311759948730,Austria
16.476099999999999,48.156700000000001,10.450081825256300,6.227527618408200,Austria
13.670900000000000,48.391599999999997,9.718455314636230,5.574064254760740,Austria
16.766400000000001,47.770299999999999,9.225431442260740,5.705611705780030,Austria
12.958299999999999,47.054200000000002,3.657572746276860,3.789837360382080,Austria
15.936000000000000,48.721200000000003,8.220853805541990,5.108063697814940,Austria
14.440899999999999,47.838299999999997,5.050016403198240,3.863828182220460,Austria
12.974600000000001,46.677700000000002,5.974820137023930,5.162482261657710,Austria
4.347800000000001,50.852100000000000,10.429290771484400,6.118352890014650,Belgio
4.333800000000000,50.849699999999999,10.006222724914601,6.008157730102540,Belgio
4.288700000000001,50.857799999999997,9.761879920959471,5.989535331726070,Belgio
4.425700000000000,50.856600000000000,9.956421852111820,5.990796089172360,Belgio
4.358500000000001,50.796599999999998,9.241713523864750,5.789241790771480,Belgio
4.321800000000000,51.340699999999998,11.289831161499000,7.085187911987300,Belgio
4.385200000000000,51.236199999999997,10.965480804443400,6.883166313171390,Belgio
2.658500000000000,51.120899999999999,8.290237426757812,5.536606788635250,Belgio
5.526800000000000,50.940500000000000,8.669869422912599,5.192313194274900,Belgio
4.802800000000000,51.332099999999997,11.019728660583500,6.260977745056150,Belgio
5.021600000000000,51.120399999999997,10.059937477111800,5.835994243621830,Belgio
4.341000000000000,51.170299999999997,11.528621673584000,6.890742301940920,Belgio
5.258100000000000,51.215100000000000,9.838039398193359,5.782594680786130,Belgio
5.470600000000000,50.927900000000001,9.130177497863770,5.348993778228760,Belgio
3.729300000000000,51.058300000000003,10.828457832336399,6.484879970550540,Belgio
4.431800000000000,51.209699999999998,11.752123832702599,6.837413787841800,Belgio
3.234100000000000,51.213500000000003,9.546749114990231,6.033226013183590,Belgio
3.808400000000000,51.203099999999999,10.707675933837900,6.617240428924560,Belgio
4.491400000000000,51.252099999999999,11.193003654480000,6.896330356597900,Belgio
5.053300000000000,51.230899999999998,10.081098556518601,5.934312343597410,Belgio
3.121200000000000,50.953200000000002,9.894554138183590,6.133231163024900,Belgio
4.201500000000000,51.253999999999998,11.582880973815900,7.006059169769290,Belgio
3.376200000000000,50.914999999999999,9.879026412963871,6.111661911010740,Belgio
5.221500000000000,51.192799999999998,9.872504234313960,5.773873329162600,Belgio
4.403900000000000,51.313899999999997,10.635190010070801,6.795993804931640,Belgio
3.715900000000000,51.026499999999999,9.907247543334959,6.319172382354740,Belgio
3.822900000000000,51.196100000000001,10.845501899719199,6.645656585693360,Belgio
2.582300000000000,51.016300000000001,9.224775314331060,6.044074535369870,Belgio
3.109600000000000,50.793500000000002,9.523851394653320,6.101732730865480,Belgio
3.362500000000000,51.254600000000003,9.518112182617189,6.033996582031250,Belgio
4.252600000000000,50.795299999999997,9.626793861389160,5.882133960723880,Belgio
4.512200000000000,50.912999999999997,9.486577033996580,5.887247085571290,Belgio
3.152400000000000,50.945399999999999,9.594483375549320,6.118291854858400,Belgio
5.537700000000000,50.968000000000004,8.713101387023929,5.164382457733150,Belgio
5.129700000000000,51.082200000000000,10.202120780944799,5.875361442565920,Belgio
3.687300000000000,51.190300000000001,10.345279693603500,6.434873104095460,Belgio
4.436700000000000,50.941400000000002,10.016633987426800,6.017096996307370,Belgio
3.762100000000000,51.165999999999997,14.437382698059100,7.886383533477780,Belgio
3.682800000000000,51.067000000000000,9.943489074707029,6.275392532348630,Belgio
5.368400000000000,50.939700000000002,9.585023880004879,5.542533397674560,Belgio
5.164000000000000,51.233699999999999,9.996702194213871,5.866782188415530,Belgio
5.606700000000000,51.133699999999997,9.634366035461429,5.463572502136230,Belgio
5.093900000000000,51.063400000000001,9.676297187805179,5.776517868041990,Belgio
4.395900000000000,50.926099999999998,9.638551712036129,6.018995761871340,Belgio
4.435400000000000,50.954900000000002,10.045289993286101,6.058181285858150,Belgio
3.248600000000000,51.279000000000003,9.382470130920410,5.947408199310300,Belgio
5.103200000000000,50.711700000000000,9.128162384033200,5.386254310607910,Belgio
4.837600000000000,50.977499999999999,9.572047233581539,5.694139480590820,Belgio
3.930300000000000,50.798900000000003,9.882846832275391,5.992378711700440,Belgio
5.418200000000000,50.896900000000002,9.305065155029300,5.366178035736080,Belgio
3.322500000000000,50.814900000000002,9.563388824462891,5.994994163513180,Belgio
4.418000000000000,51.177100000000003,10.653603553771999,6.604595184326170,Belgio
3.175000000000000,51.245899999999999,9.500955581665041,6.008183956146240,Belgio
5.547500000000000,50.625000000000000,8.922291755676270,5.239268779754640,Belgio
3.939000000000000,50.465100000000000,9.852783203125000,6.038436889648440,Belgio
3.457600000000000,50.616700000000002,9.655082702636721,6.046762466430660,Belgio
4.668300000000000,50.655400000000000,9.074559211730961,5.502695560455320,Belgio
5.618900000000000,50.882300000000001,9.148390769958500,5.291377067565920,Belgio
4.385800000000000,51.281399999999998,14.564796447753899,7.394341468811040,Belgio
4.594800000000000,50.095700000000001,7.018816471099850,4.811249732971190,Belgio
5.627800000000000,50.658400000000000,8.774446487426760,5.129734992980960,Belgio
6.001700000000000,50.303199999999997,6.716772079467770,4.490498542785640,Belgio
5.202400000000000,49.877099999999999,6.336135387420650,4.444280147552490,Belgio
6.073800000000000,50.511099999999999,6.370378494262700,4.165185451507570,Belgio
5.611200000000000,50.611899999999999,8.432894706726072,5.088880062103270,Belgio
4.469300000000000,51.002499999999998,10.221431732177701,6.137103080749510,Belgio
3.739500000000000,51.124699999999997,10.442166328430201,6.522169589996340,Belgio
4.262600000000000,51.318199999999997,11.508300781250000,7.357965469360350,Belgio
4.380100000000000,51.091999999999999,10.228322982788100,6.282996654510500,Belgio
5.042000000000000,50.497199999999999,8.116275787353519,4.962035179138180,Belgio
5.630400000000000,49.719299999999997,6.625386714935300,4.257816314697270,Belgio
11.287500000000000,43.786700000000003,14.046258926391600,8.721484184265140,Italia
17.010300000000001,39.187500000000000,7.662675857543950,6.829838275909420,Italia
3.775200000000000,50.635100000000001,9.314580917358400,5.804746150970460,Belgio
4.452200000000001,50.409300000000002,8.605206489562990,5.290841102600100,Belgio
5.397500000000000,50.583599999999997,8.729793548583983,5.229351043701170,Belgio
13.393300000000000,45.973300000000002,11.842411041259799,7.435545444488530,Italia
14.148300000000001,42.517499999999998,10.005625724792500,6.947694778442380,Italia
5.235200000000000,50.274500000000003,7.173515796661380,4.428889274597170,Belgio
11.888900000000000,43.461100000000002,10.864673614501999,7.408501625061040,Italia
10.904700000000000,44.636000000000003,19.402284622192401,11.228795051574700,Italia
16.286100000000001,41.316699999999997,8.644695281982420,6.660817146301270,Italia
17.587499999999999,40.527500000000003,9.455262184143070,7.310458660125730,Italia
11.355000000000000,44.483300000000000,16.408147811889599,10.034410476684601,Italia
11.613099999999999,44.842500000000001,20.108968734741200,11.583193778991699,Italia
15.285299999999999,37.067799999999998,12.901030540466300,11.257199287414601,Italia
16.080200000000001,38.664600000000000,10.767498016357401,9.379595756530760,Italia
15.440799999999999,41.546700000000001,8.694046020507812,6.579621315002440,Italia
12.925900000000000,45.856900000000003,16.446569442748999,9.441371917724609,Italia
12.546900000000001,38.012400000000000,8.482651710510250,8.046761512756349,Italia
13.118600000000001,38.050199999999997,9.677239418029780,8.713186264038089,Italia
13.543100000000001,45.843000000000004,9.748323440551760,6.490923881530760,Italia
4.872400000000000,50.463200000000001,8.487018585205080,5.155461788177490,Belgio
15.081099999999999,37.529299999999999,11.942077636718800,10.321642875671399,Italia
15.638800000000000,38.104999999999997,13.234689712524400,12.362885475158700,Italia
15.249100000000000,38.190600000000003,12.168457031250000,11.613761901855501,Italia
11.720300000000000,44.355600000000003,15.423032760620099,9.450603485107420,Italia
14.281499999999999,37.564100000000003,9.085774421691900,8.168614387512212,Italia
11.870600000000000,44.283299999999997,13.487647056579601,8.629860877990723,Italia
13.301900000000000,45.841900000000003,13.516423225402800,7.831835269927980,Italia
10.664700000000000,44.690800000000003,18.803749084472699,11.011364936828601,Italia
14.714499999999999,36.926299999999998,10.236518859863301,9.231818199157710,Italia
15.386699999999999,41.630800000000001,8.804512977600099,6.637403011322020,Italia
12.056400000000000,44.215000000000003,13.261474609375000,8.512553215026863,Italia
12.655900000000001,45.962600000000002,15.123259544372599,8.866368293762212,Italia
14.345000000000001,37.022500000000001,11.211939811706500,9.954698562622070,Italia
13.750600000000000,45.608600000000003,12.684515953064000,8.177922248840330,Italia
13.616400000000001,45.936900000000001,10.560677528381300,6.531196594238280,Slovenia
10.883599999999999,44.799399999999999,22.424427032470700,12.035613059997599,Italia
10.534200000000000,42.939200000000000,7.925978660583500,7.090065002441410,Italia
10.573900000000000,43.840800000000002,14.293651580810501,8.888278007507322,Italia
13.474800000000000,46.510100000000001,6.648952484130860,5.038206577301030,Italia
17.512499999999999,40.649200000000000,8.842591285705570,7.130081176757810,Italia
13.240600000000001,46.066099999999999,12.988065719604499,8.041618347167972,Italia
18.047200000000000,40.489400000000003,9.403551101684570,7.590230464935300,Italia
13.486400000000000,45.731600000000000,10.849561691284199,7.147867202758790,Italia
16.766100000000002,41.107799999999997,9.176942825317379,7.038512706756590,Italia
10.663900000000000,44.873100000000001,22.472145080566399,12.968558311462401,Italia
10.401700000000000,43.738900000000001,14.495626449585000,8.794460296630859,Italia
11.192800000000000,43.756900000000002,14.332137107849100,8.861245155334473,Italia
12.225600000000000,44.420000000000002,17.457622528076200,10.562872886657701,Italia
14.223800000000001,37.075699999999998,11.092795372009300,9.766516685485840,Italia
17.960599999999999,40.645800000000001,9.367676734924320,7.656443595886230,Italia
17.415800000000001,40.742800000000003,8.684135437011722,7.001399517059330,Italia
11.981400000000001,44.526499999999999,17.845552444458001,10.619285583496101,Italia
9.366899999999999,44.734699999999997,5.889855384826660,5.077535629272460,Italia
10.288900000000000,44.657499999999999,11.721855163574199,8.223094940185550,Italia
13.011100000000001,46.401899999999998,8.001390457153320,6.023866176605220,Italia
13.772200000000000,45.657200000000003,11.187885284423800,7.329660892486570,Italia
11.942200000000000,44.741700000000002,17.238376617431602,10.708257675170900,Italia
10.818899999999999,44.541200000000003,15.384241104126000,9.294384956359860,Italia
16.070200000000000,38.399900000000002,12.758152961731000,10.983538627624499,Italia
13.271400000000000,45.822000000000003,13.272026062011699,8.155408859252930,Italia
18.125000000000000,40.403300000000002,9.342904090881349,7.612733840942380,Italia
11.177899999999999,44.927799999999998,22.363716125488299,12.834815979003899,Italia
9.693300000000001,45.048900000000003,18.287254333496101,11.114089965820300,Italia
16.546800000000001,39.651800000000001,7.128420352935790,6.365508079528810,Italia
10.019200000000000,44.989400000000003,19.854854583740199,11.367238044738800,Italia
17.284199999999998,40.961399999999998,8.979747772216800,7.122307300567630,Italia
16.608300000000000,38.869000000000000,8.488631248474119,7.470915794372560,Italia
11.091900000000001,43.872799999999998,15.377023696899400,8.810035705566410,Italia
11.323900000000000,43.789200000000001,11.283845901489300,7.925113201141360,Italia
12.332200000000000,44.283900000000003,13.613912582397500,8.790877342224119,Italia
12.224700000000000,43.927500000000002,8.364854812622070,6.360124111175540,Italia
11.094200000000001,42.670600000000000,7.449764728546140,6.452813148498540,Italia
13.423299999999999,45.799399999999999,12.162683486938500,7.375557899475100,Italia
11.324999999999999,43.337800000000001,9.833334922790529,7.062588214874270,Italia
10.132800000000000,44.031100000000002,9.885217666625980,7.180004119873050,Italia
10.771699999999999,43.713099999999997,14.420742988586399,9.193149566650391,Italia
11.141900000000000,43.472799999999999,9.581717491149901,6.846918106079100,Italia
11.119199999999999,42.778599999999997,7.909417152404790,6.439549922943120,Italia
9.501700000000000,40.928300000000000,7.425588130950930,6.579299926757810,Italia
9.136400000000000,39.260599999999997,8.894466400146483,7.534744262695310,Italia
8.386100000000003,39.203299999999999,6.741085529327390,6.630193233489990,Italia
9.188100000000000,39.232799999999997,9.158267974853519,7.730408191680910,Italia
11.105300000000000,43.874699999999997,12.220737457275400,8.590971946716310,Italia
9.694400000000000,40.575000000000003,6.410907745361330,6.307719230651860,Italia
11.006900000000000,43.916100000000000,13.428668022155801,8.625184059143070,Italia
9.015300000000000,39.443600000000004,7.347950935363770,6.748908042907710,Italia
12.651700000000000,42.552199999999999,10.657867431640600,7.407667160034180,Italia
9.008900000000001,39.066699999999997,10.050830841064499,8.368152618408200,Italia
10.881700000000000,43.247799999999998,6.502807617187500,5.946551799774170,Italia
12.366099999999999,43.103099999999998,10.560810089111300,7.288056850433350,Italia
12.441900000000000,43.088900000000002,11.449330329895000,7.656010627746580,Italia
10.321700000000000,43.520000000000003,9.670913696289061,8.001440048217770,Italia
10.329700000000001,43.554699999999997,12.048274040222200,8.604392051696779,Italia
10.559900000000001,44.005499999999998,7.130208969116210,5.781222820281980,Italia
12.576400000000000,43.352800000000002,7.767807960510250,6.039430618286130,Italia
12.707800000000001,42.951700000000002,7.787578105926510,6.210899353027340,Italia
10.791399999999999,44.539400000000001,13.164643287658700,8.924490928649902,Italia
12.666399999999999,42.743299999999998,8.547105789184570,6.353548049926760,Italia
10.453600000000000,43.868899999999996,10.205425262451200,7.158953666687010,Italia
11.368600000000001,45.714399999999998,18.232595443725600,10.087945938110400,Italia
16.245200000000001,39.313400000000001,9.736561775207520,7.655459880828860,Italia
12.313900000000000,45.429400000000001,16.700229644775401,10.708731651306200,Italia
10.622800000000000,44.700299999999999,20.301698684692401,11.152374267578100,Italia
12.618600000000001,43.317799999999998,7.755328178405760,5.970954895019530,Italia
8.405300000000000,40.831400000000002,6.730532646179200,6.290893554687500,Italia
12.737200000000000,42.739699999999999,7.149090290069580,5.801693916320800,Italia
12.205800000000000,43.133099999999999,9.557927131652830,6.954520702362060,Italia
10.905300000000000,43.940800000000003,13.122420310974100,8.450448036193849,Italia
8.551399999999999,40.710299999999997,7.824624538421630,6.612380027771000,Italia
12.136699999999999,42.737200000000001,8.599440574646000,6.410523891448970,Italia
16.234500000000001,38.390900000000002,8.926678657531740,8.755784988403320,Italia
16.579200000000000,38.918300000000002,8.823888778686520,7.471448421478270,Italia
12.521900000000000,42.534199999999998,10.936003684997599,7.500965595245360,Italia
17.114200000000000,39.068100000000001,7.691291332244870,7.004519939422610,Italia
16.295200000000001,38.959600000000002,8.655985832214363,7.424691200256350,Italia
16.255199999999999,38.229799999999997,10.770770072936999,10.331878662109400,Italia
16.386800000000001,39.489600000000003,6.651288509368900,6.199596405029300,Italia
16.217600000000001,39.710999999999999,7.274534225463870,6.186246395111080,Italia
8.605300000000000,39.885300000000001,6.713306903839110,6.243604183197020,Italia
8.773099999999999,40.256399999999999,6.167504787445070,5.757912158966060,Italia
9.491700000000000,40.927500000000002,6.341696739196780,6.350942134857180,Italia
10.331700000000000,44.793599999999998,17.300016403198200,10.143492698669400,Italia
12.575600000000000,44.052199999999999,11.448447227478001,7.706233978271480,Italia
11.097799999999999,43.793100000000003,14.061542510986300,8.755960464477543,Italia
10.097200000000001,44.078299999999999,9.827651977539061,7.348509311676030,Italia
10.244999999999999,43.883899999999997,10.083509445190399,7.341589450836180,Italia
12.262200000000000,45.499200000000002,22.252670288085898,12.617548942565900,Italia
9.011400000000000,39.286400000000000,9.723526954650881,7.864879608154300,Italia
10.906300000000000,44.650599999999997,21.010978698730501,11.334283828735400,Italia
11.961100000000000,44.839700000000001,17.886461257934599,11.024563789367701,Italia
10.370799999999999,44.926099999999998,21.047529220581101,12.053833961486800,Italia
13.225300000000001,46.035100000000000,13.540141105651900,8.129008293151863,Italia
9.216400000000000,39.842500000000001,5.300310611724850,5.447222709655760,Italia
11.901700000000000,43.660299999999999,6.584826469421390,6.069524288177490,Italia
12.402500000000000,44.095799999999997,12.176699638366699,7.788849830627440,Italia
11.539700000000000,45.560600000000001,29.344890594482401,15.828724861145000,Italia
11.736700000000001,45.760800000000003,19.639827728271499,10.806049346923800,Italia
11.286099999999999,45.399999999999999,25.450187683105501,13.896414756774901,Italia
12.061900000000000,45.046700000000001,19.390441894531200,11.677645683288601,Italia
11.791100000000000,45.039700000000003,22.087114334106399,12.650878906250000,Italia
11.783300000000001,45.074700000000000,22.868968963623001,13.012379646301300,Italia
11.841900000000001,45.371899999999997,26.165895462036101,15.078621864318800,Italia
11.905799999999999,46.030799999999999,14.751390457153301,8.800462722778320,Italia
12.308100000000000,45.890599999999999,19.833337783813501,10.415852546691900,Italia
10.963900000000001,45.445300000000003,29.541980743408200,14.979937553405801,Italia
11.940000000000000,45.377499999999998,24.808416366577099,14.431425094604499,Italia
11.387200000000000,45.466400000000000,24.942825317382798,12.946550369262701,Italia
11.902200000000001,45.600299999999997,27.168153762817401,13.039704322814901,Italia
11.553300000000000,45.103900000000003,24.550949096679702,13.966908454895000,Italia
11.534200000000000,45.545800000000000,29.923442840576200,15.675766944885300,Italia
12.952199999999999,43.468100000000000,8.134535789489750,5.978239536285400,Italia
12.636400000000000,43.730600000000003,8.925988197326660,6.415174007415770,Italia
12.510300000000001,45.836900000000000,18.781255722045898,10.141651153564499,Italia
12.205600000000000,45.438299999999998,20.245491027831999,11.700007438659700,Italia
13.018599999999999,43.839700000000001,10.446206092834499,7.221124649047850,Italia
12.216900000000001,46.141399999999997,11.958658218383800,7.955994129180910,Italia
13.879400000000000,42.944400000000002,10.061166763305700,6.922834873199460,Italia
12.918900000000001,43.893300000000004,10.823970794677701,7.341791629791260,Italia
21.137100000000000,42.648800000000001,15.677910804748500,14.357490539550801,Kosovo
12.238600000000000,45.672499999999999,23.366573333740199,13.187024116516101,Italia
13.244999999999999,43.526899999999998,9.918154716491699,6.876070976257320,Italia
13.387499999999999,43.633299999999998,10.384594917297401,7.141574382781980,Italia
11.665800000000001,45.226700000000001,26.465726852416999,15.064009666442900,Italia
21.004700000000000,56.523200000000003,6.361375808715820,4.412718772888180,Latvia
13.341900000000001,43.598900000000000,10.348546028137200,7.123140335083010,Italia
11.299700000000000,44.738300000000002,21.116680145263700,11.515841484069799,Italia
21.173300000000001,56.162399999999998,4.282683372497561,3.355195760726930,Latvia
13.619400000000001,42.848599999999998,9.548842430114750,6.689918518066410,Italia
11.286099999999999,44.500000000000000,17.664028167724599,9.827737808227541,Italia
27.333400000000001,56.510199999999998,6.296626091003420,4.395836353302000,Latvia
11.569200000000000,45.848300000000002,11.233148574829100,7.542591571807860,Italia
12.627500000000000,43.932800000000000,10.728882789611800,7.304679393768310,Italia
10.926100000000000,44.149999999999999,7.629460334777830,6.155125141143800,Italia
11.890599999999999,45.433300000000003,26.061147689819300,14.109827041626000,Italia
12.401700000000000,43.908099999999997,9.333392143249510,7.106215476989750,Italia
13.336700000000000,42.900599999999997,5.689718723297120,5.109714031219480,Italia
11.643100000000000,45.289999999999999,25.984632492065401,14.846181869506800,Italia
12.360799999999999,46.162500000000001,9.128769874572750,6.508608341217040,Italia
11.037800000000001,45.590000000000003,13.812070846557599,8.310583114624020,Italia
16.781700000000001,41.087200000000003,9.416557312011721,7.066312789916990,Italia
12.591699999999999,45.630299999999998,19.700183868408200,10.949957847595201,Italia
13.674700000000000,43.335599999999999,9.904009819030760,6.921562194824220,Italia
13.428599999999999,43.284999999999997,9.234322547912599,6.584556579589840,Italia
11.311400000000001,45.183599999999998,26.174217224121101,13.824844360351600,Italia
12.501700000000000,45.950899999999997,15.224810600280801,9.053976058959959,Italia
13.508599999999999,43.611699999999999,10.396095275878899,7.511093616485600,Italia
24.156500000000001,56.935899999999997,8.673724174499510,5.573753356933590,Latvia
21.591999999999999,57.404600000000002,4.016123294830320,3.404335260391240,Latvia
24.115800000000000,56.957500000000003,9.397315979003910,5.726801872253420,Latvia
25.285200000000000,54.677599999999998,9.316250801086429,5.756746292114260,Lituania
25.289400000000001,54.715299999999999,9.176335334777830,5.727465152740480,Lituania
23.308000000000000,55.937800000000003,7.025333881378170,4.655468463897710,Lituania
8.324700000000000,40.553300000000000,6.499748229980470,6.092710494995120,Italia
25.905600000000000,57.134900000000002,3.584204912185670,3.088822841644290,Latvia
22.331399999999999,56.309699999999999,5.674554824829100,4.009482383728030,Lituania
23.835799999999999,54.883600000000001,7.143265247344970,4.611606121063230,Lituania
22.870799999999999,56.319400000000002,4.722647666931150,3.539024114608760,Lituania
24.365600000000001,55.725000000000001,9.014639854431151,5.643325328826900,Lituania
26.004200000000001,55.463299999999997,4.210303783416750,3.367438554763790,Lituania
5.847100000000000,49.731800000000000,7.425981998443600,4.544141292572020,Lussembrurgo
4.355200000000000,51.867400000000004,12.674963951110801,8.427296638488770,Paesi Bassi
19.349100000000000,43.357199999999999,6.779536247253420,5.066237926483150,Montenegro
14.489900000000000,35.895800000000001,11.845287322998001,10.690211296081500,Malta
23.986200000000000,54.895099999999999,8.064462661743162,5.009144783020020,Lituania
6.118500000000000,49.611600000000003,8.113434791564940,4.890943050384520,Lussembrurgo
6.305300000000000,49.722299999999997,7.963719844818120,4.814546108245850,Lussembrurgo
6.130200000000000,49.658999999999999,7.659828186035160,4.756293773651120,Lussembrurgo
24.289700000000000,54.092500000000001,5.207144260406490,3.692520380020140,Lituania
24.283899999999999,55.072200000000002,6.238020420074460,4.230504989624020,Lituania
14.511100000000001,35.880400000000002,11.787317276001000,10.789255142211900,Malta
19.094300000000000,42.103800000000000,6.080601215362550,5.360258102416990,Montenegro
23.957799999999999,55.280000000000001,6.633793830871580,4.382776737213131,Lituania
5.976900000000000,49.505000000000003,7.930811882019040,4.952787876129150,Lussembrurgo
6.137600000000000,49.597700000000003,8.233143806457520,4.965497016906740,Lussembrurgo
6.042400000000000,51.119199999999999,9.670497894287109,5.414054393768310,Paesi Bassi
21.141100000000002,55.707799999999999,6.797136306762700,4.604503154754640,Lituania
4.580100000000000,51.869399999999999,10.281361579895000,6.697864055633540,Paesi Bassi
14.197100000000001,36.067100000000003,9.840200424194339,9.949951171875000,Malta
21.179500000000001,55.689999999999998,6.238667964935300,4.514292716979980,Lituania
4.480700000000000,51.891100000000002,11.124254226684601,7.250005722045900,Paesi Bassi
4.461300000000000,51.927100000000003,11.488265037536600,7.604576587677000,Paesi Bassi
19.256599999999999,42.441000000000003,14.028642654418899,8.856224060058590,Montenegro
4.228000000000000,51.932000000000002,11.541493415832500,7.761296749114990,Paesi Bassi
21.030799999999999,55.376399999999997,4.749561786651610,3.534942626953120,Lituania
6.178300000000000,49.935800000000000,7.088591575622560,4.470291614532470,Germania
21.886900000000001,56.008299999999998,4.669968605041500,3.566528558731080,Lituania
4.121900000000000,51.977800000000002,11.177945137023899,7.757403373718260,Paesi Bassi
4.359800000000000,51.434399999999997,10.094810485839799,6.430616855621340,Paesi Bassi
4.781000000000000,51.603099999999998,10.332772254943800,6.343060493469240,Paesi Bassi
4.510800000000000,52.296599999999998,8.909857749938960,6.117674827575680,Paesi Bassi
4.326300000000000,51.910499999999999,11.363197326660201,7.524128437042240,Paesi Bassi
5.970500000000000,50.887999999999998,8.860457420349119,5.154868125915530,Paesi Bassi
4.824900000000000,51.593499999999999,10.130146026611300,6.255329132080080,Paesi Bassi
3.749500000000000,51.294499999999999,10.372939109802200,6.510109424591060,Paesi Bassi
4.515300000000000,51.653700000000001,9.860255241394039,6.329472064971920,Paesi Bassi
5.148500000000000,51.518400000000000,10.314040184021000,6.260684013366700,Paesi Bassi
5.853100000000000,51.540500000000002,9.569700241088871,5.703923702239990,Paesi Bassi
5.444800000000000,51.444200000000002,10.579189300537100,6.214719295501710,Paesi Bassi
4.708200000000000,51.800699999999999,9.988909721374510,6.300818920135500,Paesi Bassi
18.942900000000002,42.781199999999998,11.401560783386200,7.396064758300780,Montenegro
4.315900000000000,52.075099999999999,10.014402389526399,6.545763492584230,Paesi Bassi
5.235900000000000,52.257399999999997,9.357679367065430,6.008788108825680,Paesi Bassi
5.986900000000000,50.900300000000001,9.085901260375980,5.185832977294920,Paesi Bassi
5.050500000000000,52.803699999999999,8.044602394104000,5.486097335815430,Paesi Bassi
4.923300000000000,51.974499999999999,9.872468948364260,6.267877578735350,Paesi Bassi
5.124500000000000,52.104999999999997,9.775117874145510,6.203316688537600,Paesi Bassi
5.181600000000000,52.235100000000003,9.557175636291500,6.124140739440920,Paesi Bassi
6.578900000000000,53.217799999999997,9.353098869323730,5.777264595031740,Paesi Bassi
4.773500000000000,52.427999999999997,9.648337364196779,6.513455867767330,Paesi Bassi
5.573500000000000,52.916899999999998,7.980029106140140,5.297162532806400,Paesi Bassi
4.904400000000000,52.372100000000003,10.589120864868200,6.816694259643550,Paesi Bassi
5.857800000000000,51.841400000000000,10.000164985656699,5.985168457031250,Paesi Bassi
6.932400000000000,52.875700000000002,9.248445510864260,5.547263622283940,Paesi Bassi
4.832100000000000,52.420200000000001,10.288862228393601,7.003953933715820,Paesi Bassi
4.899700000000000,52.357999999999997,10.892864227294901,6.703637123107910,Paesi Bassi
4.838200000000000,52.137900000000002,9.524272918701170,6.192932128906250,Paesi Bassi
5.881800000000000,50.902299999999997,9.135363578796390,5.249198913574220,Paesi Bassi
5.619200000000000,52.448700000000002,8.986723899841310,5.719594955444340,Paesi Bassi
5.393300000000000,51.407400000000003,9.882250785827640,5.946828842163090,Paesi Bassi
4.601800000000000,52.463000000000001,9.337552070617679,6.394424915313720,Paesi Bassi
4.987400000000000,52.201500000000003,9.301029205322269,6.225726127624510,Paesi Bassi
6.402900000000000,52.388300000000001,9.119835853576660,5.494430065155030,Paesi Bassi
4.289200000000000,52.077100000000002,9.437653541564940,6.557446956634520,Paesi Bassi
6.605400000000000,52.091799999999999,10.108127593994100,5.606538295745850,Paesi Bassi
21.463600000000000,42.003599999999999,18.293861389160199,11.479436874389600,Macedonia
6.608900000000000,53.246499999999997,8.938043594360350,5.642465114593510,Paesi Bassi
4.728600000000000,52.398400000000002,9.442794799804689,6.360740661621090,Paesi Bassi
4.359400000000000,52.039000000000001,10.072878837585399,6.587358951568600,Paesi Bassi
5.472400000000000,51.468699999999998,10.460357666015600,6.209040164947510,Paesi Bassi
5.120500000000000,52.067700000000002,10.144076347351101,6.272385597229000,Paesi Bassi
11.293300000000000,45.536400000000000,19.045722961425799,11.073905944824199,Italia
4.988400000000000,52.320700000000002,9.764730453491209,6.596251964569090,Paesi Bassi
6.276800000000000,53.330399999999997,8.271347999572750,5.404015064239500,Paesi Bassi
13.784700000000001,42.992199999999997,9.431258201599119,6.694913864135740,Italia
4.841000000000000,52.339500000000001,9.590074539184570,6.397459030151370,Paesi Bassi
4.450500000000000,51.786600000000000,9.797616004943849,6.338894367218020,Paesi Bassi
4.642300000000000,52.370500000000000,9.111059188842770,6.068651676177980,Paesi Bassi
4.861700000000000,52.563600000000001,8.476091384887702,5.781579017639160,Paesi Bassi
21.469999999999999,41.978299999999997,20.804769515991200,12.107709884643601,Macedonia
22.415800000000001,41.913899999999998,6.247194290161130,4.917510986328120,Macedonia
5.708400000000000,52.111600000000003,9.597262382507321,5.886592388153080,Paesi Bassi
6.017600000000000,52.654100000000000,8.632670402526863,5.491529464721680,Paesi Bassi
20.958600000000001,41.514400000000002,7.828802585601810,5.715745925903320,Macedonia
21.714700000000001,42.135599999999997,9.927532196044920,7.274030685424800,Macedonia
3.916600000000000,51.634700000000002,8.962825775146483,5.965054988861080,Paesi Bassi
21.356400000000001,41.039999999999999,12.671167373657200,8.294576644897459,Macedonia
20.965199999999999,41.997599999999998,9.533578872680661,6.725701808929440,Macedonia
21.652500000000000,41.987400000000001,12.281240463256800,8.098148345947269,Macedonia
4.715000000000000,52.327500000000001,9.676573753356930,6.314701557159420,Paesi Bassi
21.650600000000001,42.015900000000002,9.320305824279780,6.815365791320800,Macedonia
21.765300000000000,41.705800000000004,9.615579605102541,6.792170047760010,Macedonia
4.579300000000000,52.478900000000003,10.493834495544400,6.697794437408450,Paesi Bassi
20.698899999999998,41.535800000000002,4.800570964813230,4.539573669433590,Macedonia
10.814900000000000,59.898600000000002,5.622889995574950,4.415314674377440,Norvegia
8.876600000000000,62.782499999999999,1.087079644203190,1.734993815422060,Norvegia
13.906499999999999,65.830900000000000,1.029520511627200,1.779453754425050,Norvegia
22.007200000000001,41.440600000000003,9.241477966308590,6.547236442565920,Macedonia
10.724600000000001,59.932299999999998,8.003540992736820,5.120535850524900,Norvegia
10.846600000000000,59.927700000000002,6.945133209228520,4.777503490448000,Norvegia
5.327800000000000,60.392200000000003,3.959055423736570,3.300827503204350,Norvegia
4.770800000000000,52.280000000000001,9.376549720764160,6.208982467651370,Paesi Bassi
30.421500000000002,69.656199999999998,2.316775798797610,3.018331766128540,Norvegia
8.251899999999999,58.388500000000001,2.165779113769530,2.365448713302610,Norvegia
10.396800000000001,63.417499999999997,3.721687793731690,3.187373399734500,Norvegia
5.236900000000000,60.361100000000000,3.646254301071170,3.255506038665770,Norvegia
10.696500000000000,59.919300000000000,6.424824714660640,4.647303581237790,Norvegia
5.731400000000000,58.961599999999997,3.387215614318850,3.363029479980470,Norvegia
18.963699999999999,69.656300000000002,2.851055383682250,2.932222366333010,Norvegia
9.635700000000000,59.159300000000002,4.593558311462400,3.664857387542720,Norvegia
10.465600000000000,61.120899999999999,4.218986034393310,3.330191612243650,Norvegia
11.089200000000000,59.273800000000001,5.918257713317870,4.233518600463870,Norvegia
8.359400000000003,58.256000000000000,2.897259473800660,2.789577484130860,Norvegia
10.410900000000000,63.433000000000000,3.678676366806030,3.180934906005860,Norvegia
6.156700000000000,62.470999999999997,2.646782875061040,3.109398126602170,Norvegia
7.991800000000000,58.148899999999998,3.624221563339230,3.295284032821660,Norvegia
30.040700000000001,69.455100000000002,2.448049306869510,3.119704484939580,Norvegia
10.940099999999999,59.210200000000000,5.311042785644530,4.105267047882080,Norvegia
10.371700000000001,63.357599999999998,3.680668830871580,3.099282979965210,Norvegia
10.489599999999999,59.905700000000003,5.378643512725830,3.633571386337280,Norvegia
11.074000000000000,59.955500000000001,6.348603248596190,4.482945919036870,Norvegia
10.206000000000000,59.743299999999998,4.989017009735110,3.843829154968260,Norvegia
21.387000000000000,42.006000000000000,16.434795379638700,10.703748703002899,Macedonia
10.661799999999999,59.433500000000002,4.302083015441890,3.597398281097410,Norvegia
9.652200000000001,59.138199999999998,5.255990982055660,3.887851238250730,Norvegia
11.074100000000000,60.372900000000001,2.285385131835940,2.413001775741580,Norvegia
11.122199999999999,59.279000000000003,4.845767498016360,3.926661491394040,Norvegia
11.097799999999999,60.796500000000002,5.506519794464110,4.026835441589360,Norvegia
9.487100000000000,59.202399999999997,2.355164289474490,2.653957605361940,Norvegia
5.332500000000000,60.462699999999998,3.564654827117920,3.112483263015750,Norvegia
5.201500000000000,59.197200000000002,2.484360694885250,2.950274229049680,Norvegia
16.180499999999999,51.204500000000003,12.869681358337401,4.826910972595210,Polonia
15.431699999999999,51.317599999999999,8.241954803466800,4.169940948486330,Polonia
9.660500000000001,59.087200000000003,3.826836824417110,3.339967727661130,Norvegia
15.312200000000001,50.912500000000001,7.392061710357670,4.298177242279050,Polonia
17.291300000000000,50.942100000000003,11.636922836303700,4.974556446075440,Polonia
14.941300000000000,50.972200000000001,9.108504295349119,4.671772480010990,Polonia
15.008200000000000,51.150399999999998,10.768467903137200,4.787466526031490,Polonia
17.029299999999999,51.129399999999997,21.203186035156200,5.619674205780030,Polonia
11.527699999999999,58.996499999999997,2.572516918182370,2.725348472595210,Norvegia
16.653700000000001,50.433500000000002,11.125746726989700,4.863903045654300,Polonia
16.009699999999999,69.278599999999997,1.439561247825620,2.127041101455690,Norvegia
16.254100000000001,50.804200000000002,11.402680397033700,4.898228168487550,Polonia
16.182200000000002,48.385300000000001,9.290994644165041,5.699130058288570,Austria
13.841400000000000,46.612499999999997,9.308117866516110,6.076880455017090,Austria
16.207899999999999,47.339900000000000,8.009720802307132,5.432332515716550,Austria
16.648099999999999,50.732799999999997,11.501372337341300,4.804351329803470,Polonia
15.941900000000000,48.528300000000002,8.469794273376460,5.221672534942630,Austria
14.247100000000000,48.198399999999999,10.838631629943800,6.422576427459720,Austria
14.822200000000000,46.763900000000000,8.083366394042972,5.440111160278320,Austria
16.511099999999999,48.145000000000003,11.132660865783700,6.150387763977050,Austria
14.266100000000000,46.652500000000003,8.711332321166990,6.074746608734130,Austria
1.717000000000000,42.534900000000000,3.955451726913450,4.541690349578860,Francia
4.250300000000000,51.215499999999999,10.415937423706101,6.479553222656250,Belgio
4.988400000000000,50.502699999999997,8.538557052612299,5.184836864471440,Belgio
5.593000000000000,50.027000000000001,6.558163642883300,4.413574695587160,Belgio
6.002300000000000,50.628900000000002,7.003186702728270,4.525020122528080,Belgio
5.992800000000000,50.612299999999998,7.833835601806640,4.584710597991940,Belgio
4.424700000000000,50.377600000000001,8.163038253784180,5.194628715515140,Belgio
3.591000000000000,50.507899999999999,9.056837081909180,5.870042800903320,Belgio
5.529400000000000,50.660100000000000,9.102405548095700,5.253437042236330,Belgio
3.241400000000000,50.753200000000000,9.547536849975589,6.019021511077880,Belgio
17.590000000000000,45.070000000000000,13.777973175048800,8.158003807067869,Bosnia Erzegovina
4.521100000000000,50.416400000000003,8.443472862243652,5.254258632659910,Belgio
4.395900000000000,50.407800000000002,8.408470153808590,5.345718383789060,Belgio
27.587199999999999,43.222999999999999,7.137403964996340,5.435585975646970,Bulgaria
25.379700000000000,41.636099999999999,6.413393020629880,4.980965614318850,Bulgaria
24.614999999999998,43.411799999999999,8.974123954772949,6.079215049743650,Bulgaria
25.604900000000001,43.074199999999998,7.687861442565920,5.573326110839840,Bulgaria
27.375100000000000,42.518900000000002,7.993246555328370,5.953660488128660,Bulgaria
23.114000000000001,42.578299999999999,6.474832534790040,5.479653358459470,Bulgaria
23.311000000000000,42.732300000000002,17.993570327758800,9.846110343933111,Bulgaria
25.593499999999999,42.056399999999996,8.951886177062990,6.137153625488280,Bulgaria
24.840100000000000,42.023200000000003,7.946640491485600,5.662746429443360,Bulgaria
23.296800000000001,42.680599999999998,13.292570114135700,7.360378265380860,Bulgaria
26.938400000000001,43.268200000000000,9.649406433105471,6.526605129241940,Bulgaria
27.468800000000002,42.510199999999998,8.923933029174799,6.362139701843260,Bulgaria
23.336099999999998,42.690399999999997,17.715223312377901,9.937807083129879,Bulgaria
23.097799999999999,42.001899999999999,9.357546806335449,6.430854797363280,Bulgaria
23.400200000000002,42.666499999999999,15.819962501525900,8.858219146728519,Bulgaria
23.556000000000001,42.727499999999999,9.226467132568359,6.156268596649170,Bulgaria
25.631499999999999,42.434199999999997,9.297927856445311,6.260669708251950,Bulgaria
25.875399999999999,42.146500000000003,7.366952419281010,5.454842090606690,Bulgaria
23.557400000000001,43.207999999999998,9.803738594055179,6.504678726196290,Bulgaria
27.420999999999999,42.456600000000002,8.991055488586429,6.454764366149900,Bulgaria
24.765200000000000,42.142899999999997,11.687021255493200,7.448968410491940,Bulgaria
24.177299999999999,42.708199999999998,7.635024070739750,5.503761291503910,Bulgaria
25.964099999999998,43.851399999999998,10.163602828979499,6.870609760284420,Bulgaria
24.738099999999999,41.694299999999998,3.823262929916380,3.673546552658080,Bulgaria
23.036899999999999,42.609900000000003,9.792300224304199,6.440773010253910,Bulgaria
25.552700000000002,41.930199999999999,8.705010414123540,5.997922897338870,Bulgaria
25.691199999999998,43.126500000000000,8.063895225524902,5.637477397918700,Bulgaria
23.243900000000000,42.637200000000000,7.823467731475830,5.812566280364990,Bulgaria
24.336800000000000,42.191400000000002,11.152987480163601,7.156045436859130,Bulgaria
15.974100000000000,45.800300000000000,17.542730331420898,9.748281478881839,Crozia
27.721000000000000,42.659799999999997,6.248769283294680,5.241683959960940,Bulgaria
23.223900000000000,43.409700000000001,8.708478927612299,5.978859424591060,Bulgaria
33.057800000000000,35.037999999999997,6.843604564666750,6.446380138397220,Cipro
16.006499999999999,45.764899999999997,17.112228393554702,9.612073898315430,Crozia
22.874900000000000,43.998500000000000,9.706550598144529,6.501781463623050,Bulgaria
26.338300000000000,42.673999999999999,8.320170402526863,5.842373371124270,Bulgaria
18.122599999999998,42.644700000000000,6.697295665740970,5.465367317199710,Crozia
27.904399999999999,43.202900000000000,8.421948432922360,6.169215202331540,Bulgaria
16.068300000000001,45.714799999999997,16.974956512451200,9.802660942077640,Crozia
14.442000000000000,50.094200000000001,12.906970977783200,6.945083618164060,Repubblica Ceca
14.445900000000000,50.007300000000001,11.314617156982401,6.495072841644290,Repubblica Ceca
33.347799999999999,35.151899999999998,8.656792640686040,7.383051872253420,Cipro
18.698799999999999,45.558799999999998,13.180853843689000,7.732835769653320,Crozia
16.388400000000001,45.458100000000002,13.801483154296900,8.114893913269039,Crozia
16.449300000000001,43.510700000000000,8.477164268493652,6.362655639648440,Croazia
24.735099999999999,41.568399999999997,4.684571743011470,4.017899990081790,Bulgaria
17.995100000000001,45.159500000000001,15.336333274841300,8.771897315979000,Crozia
13.816900000000000,44.862499999999997,10.258629798889199,7.081216335296630,Croazia
27.833100000000002,43.552900000000001,7.741876602172850,5.687480926513670,Bulgaria
32.438600000000001,34.779400000000003,8.604682922363279,7.772965908050540,Cipro
24.750800000000002,42.152600000000000,11.733836174011200,7.442549705505370,Bulgaria
15.660600000000001,46.169100000000000,10.561500549316399,6.554558277130130,Crozia
14.503100000000000,50.111100000000000,11.678959846496600,6.457883358001710,Repubblica Ceca
16.593599999999999,49.198099999999997,12.398568153381300,7.036513805389400,Repubblica Ceca
24.715699999999998,43.136899999999997,6.398994445800780,4.866968631744380,Bulgaria
14.483499999999999,45.320799999999998,12.019569396972701,7.639059543609620,Crozia
16.616299999999999,49.202700000000000,12.608916282653800,6.791730880737300,Repubblica Ceca
15.609800000000000,44.899299999999997,5.769857883453370,4.769614696502690,Crozia
16.724499999999999,48.791800000000002,9.452249526977541,5.726081371307370,Repubblica Ceca
14.630500000000000,45.593499999999999,5.627516269683840,4.551178455352780,Slovenia
13.749800000000000,45.291200000000003,9.523838996887211,6.493317127227780,Crozia
16.780700000000000,45.479100000000003,11.871019363403301,7.237788200378420,Crozia
16.116000000000000,43.031300000000002,6.633161067962650,5.929647445678710,Crozia
33.017800000000001,34.681699999999999,9.081645011901861,8.143733978271483,Cipro
14.380100000000001,50.084400000000002,11.544344902038601,6.292510509490970,Repubblica Ceca
33.615800000000000,34.913600000000002,8.831141471862789,7.806251049041750,Cipro
14.384600000000001,50.126500000000000,10.591699600219700,6.239981651306150,Repubblica Ceca
18.834599999999998,45.698000000000000,10.699455261230501,6.751359462738040,Crozia
14.537800000000001,50.062300000000000,11.594400405883800,6.574930667877200,Repubblica Ceca
14.467599999999999,50.122199999999999,11.874703407287599,6.766228199005130,Repubblica Ceca
33.331699999999998,35.126899999999999,8.238584518432623,7.258659839630130,Cipro
16.085799999999999,48.881399999999999,9.560285568237299,5.711322784423830,Repubblica Ceca
16.696200000000001,49.149000000000001,11.293159484863301,6.745777606964110,Repubblica Ceca
16.620500000000000,49.255499999999998,9.546789169311520,6.270354270935060,Repubblica Ceca
14.469900000000001,48.951900000000002,10.433555603027299,5.907032489776610,Repubblica Ceca
14.331400000000000,50.046100000000003,10.325940132141101,6.112656593322750,Repubblica Ceca
15.846399999999999,50.195399999999999,9.697898864746090,5.785171985626220,Repubblica Ceca
13.614800000000001,49.068399999999997,5.379175186157230,3.942664384841920,Repubblica Ceca
14.723400000000000,48.724200000000003,6.047062873840330,4.168207168579100,Repubblica Ceca
16.567799999999998,49.216500000000003,13.100702285766600,7.278187751770020,Repubblica Ceca
15.894000000000000,50.581800000000001,8.439322471618652,5.072853088378910,Repubblica Ceca
15.610200000000001,49.401600000000002,8.501472473144529,5.207615375518800,Repubblica Ceca
15.344500000000000,50.820000000000000,6.608722209930420,4.001699924468990,Polonia
13.837500000000000,49.467300000000002,7.313647747039790,4.530357837677000,Repubblica Ceca
15.070000000000000,50.755099999999999,11.360577583313001,6.012965679168700,Repubblica Ceca
14.000400000000001,49.016100000000002,6.424778938293460,4.580092430114750,Repubblica Ceca
14.676399999999999,49.411200000000001,8.799366950988770,5.332416534423830,Repubblica Ceca
15.080299999999999,49.573399999999999,7.598174571990970,4.783067703247070,Repubblica Ceca
14.106000000000000,50.167400000000001,10.349897384643601,5.839284896850590,Repubblica Ceca
18.276599999999998,49.939799999999998,12.612026214599600,6.698889732360840,Polonia
18.551500000000001,49.863799999999998,14.130745887756300,6.819331169128420,Repubblica Ceca
13.375500000000001,49.728400000000001,11.118493080139199,6.133197307586670,Repubblica Ceca
16.060099999999998,48.843000000000004,9.492532730102541,5.700972080230710,Repubblica Ceca
15.763500000000001,50.024000000000001,10.781068801879901,6.188916683197020,Repubblica Ceca
17.190200000000001,50.242199999999997,6.898056507110600,4.592689514160160,Repubblica Ceca
16.034199999999998,49.735100000000003,7.142339229583740,4.536036968231200,Repubblica Ceca
15.178300000000000,50.302000000000000,9.355132102966310,5.554755210876460,Repubblica Ceca
17.238099999999999,49.601500000000001,11.705730438232401,6.762096405029300,Repubblica Ceca
18.289999999999999,49.839799999999997,14.820497512817401,7.356121540069580,Repubblica Ceca
15.169100000000000,50.295699999999997,9.896715164184570,5.589556694030760,Repubblica Ceca
12.672800000000001,50.172800000000002,8.847026824951170,5.090579032897950,Repubblica Ceca
18.538599999999999,49.502600000000001,6.965026378631590,4.727193832397460,Repubblica Ceca
13.423400000000001,49.768599999999999,10.207904815673800,5.886944293975830,Repubblica Ceca
16.666699999999999,49.759000000000000,9.396162986755369,5.566443443298340,Repubblica Ceca
17.626300000000001,49.793199999999999,8.438282012939450,5.121008396148680,Repubblica Ceca
17.454200000000000,49.451700000000002,11.808863639831500,6.681519508361820,Repubblica Ceca
15.319699999999999,50.789600000000000,6.930418968200680,4.376087665557861,Repubblica Ceca
17.114699999999999,49.467900000000000,11.496954917907701,6.503908157348630,Repubblica Ceca
13.618499999999999,49.722000000000001,7.553168296813960,4.764394760131840,Repubblica Ceca
13.402300000000000,49.732399999999998,10.158022880554199,5.858265876770020,Repubblica Ceca
16.322700000000001,50.350600000000000,8.174432754516600,4.795919895172120,Repubblica Ceca
12.677899999999999,49.669600000000003,6.939670562744140,4.314481735229491,Repubblica Ceca
18.609700000000000,49.749000000000002,12.482948303222701,6.248780250549320,Polonia
14.537300000000000,50.698000000000000,9.602512359619141,5.488312721252440,Repubblica Ceca
13.067399999999999,49.552599999999998,8.416009902954100,5.013516426086430,Repubblica Ceca
15.302899999999999,50.738500000000002,7.568905830383300,4.654739379882810,Repubblica Ceca
14.660500000000001,50.189799999999998,10.993547439575201,6.251746654510500,Repubblica Ceca
18.159300000000002,49.825299999999999,12.920679092407200,6.965926170349120,Repubblica Ceca
15.856999999999999,50.218499999999999,11.149064064025900,6.295869827270510,Repubblica Ceca
16.098600000000001,49.383600000000001,8.600074768066410,5.343314647674560,Repubblica Ceca
15.352600000000001,50.439500000000002,10.271732330322299,5.838567256927490,Repubblica Ceca
15.850500000000000,50.061500000000002,10.061436653137200,5.855676651000980,Repubblica Ceca
16.979600000000001,49.280999999999999,9.821642875671390,5.865195274353030,Repubblica Ceca
14.007700000000000,49.684899999999999,8.022958755493162,5.033891677856450,Repubblica Ceca
15.069800000000001,50.940700000000000,8.526898384094240,4.813441753387450,Repubblica Ceca
17.070699999999999,49.068700000000000,9.592568397521971,5.759076118469240,Repubblica Ceca
14.101800000000001,50.143900000000002,9.931467056274411,5.804310798645020,Repubblica Ceca
12.885199999999999,50.235599999999998,9.263555526733400,5.233342170715330,Repubblica Ceca
15.903900000000000,50.565899999999999,9.606237411499020,5.210299015045170,Repubblica Ceca
15.865800000000000,49.223399999999998,9.002063751220700,5.415269374847410,Repubblica Ceca
12.363400000000000,50.065899999999999,8.408948898315430,4.824070930480960,Repubblica Ceca
12.615399999999999,50.372500000000002,6.681712627410890,4.133868217468260,Repubblica Ceca
15.439000000000000,49.159199999999998,7.881457805633540,4.879258632659910,Repubblica Ceca
18.741199999999999,49.502000000000002,8.821853637695312,5.397859573364260,Repubblica Ceca
14.171700000000000,49.146700000000003,7.454936504364010,4.767282962799070,Repubblica Ceca
13.368200000000000,49.770099999999999,10.018998146057100,5.887228488922120,Repubblica Ceca
15.078500000000000,50.624600000000001,9.283340454101561,5.384857177734380,Repubblica Ceca
16.268200000000000,50.172400000000003,9.281141281127930,5.391843318939210,Repubblica Ceca
16.960799999999999,49.932000000000002,9.865557670593260,5.805667400360110,Repubblica Ceca
18.351099999999999,49.671799999999998,11.377202033996600,6.410049915313720,Repubblica Ceca
15.838500000000000,50.354199999999999,10.478932380676300,5.894847393035890,Repubblica Ceca
14.058299999999999,49.957900000000002,8.968212127685550,5.347028732299800,Repubblica Ceca
16.422100000000000,49.980400000000003,9.099411010742189,5.389667510986330,Repubblica Ceca
15.850099999999999,50.660400000000003,7.326991081237790,4.374260425567630,Repubblica Ceca
14.913900000000000,50.428600000000003,11.064322471618700,6.027828216552730,Repubblica Ceca
17.541899999999998,49.777099999999997,8.160197257995613,4.878410339355470,Repubblica Ceca
14.782600000000000,49.913499999999999,8.437244415283200,5.225699424743650,Repubblica Ceca
17.804200000000002,49.587100000000000,10.637145996093800,6.075815200805660,Repubblica Ceca
18.348400000000002,49.559199999999997,8.447609901428223,5.187468528747560,Repubblica Ceca
18.406800000000000,49.790999999999997,14.081625938415501,6.942756175994870,Repubblica Ceca
15.273099999999999,49.961300000000001,9.350775718688960,5.520820140838620,Repubblica Ceca
14.119400000000001,50.540900000000001,10.951968193054199,6.021728038787840,Repubblica Ceca
14.043100000000001,50.661099999999998,12.775776863098100,6.825774192810060,Repubblica Ceca
15.162200000000000,50.727400000000003,9.854123115539551,5.611134529113770,Repubblica Ceca
14.513000000000000,50.975000000000001,8.405995368957520,4.827323913574220,Repubblica Ceca
18.677800000000001,49.668100000000003,12.431509971618700,6.609211921691890,Repubblica Ceca
15.206600000000000,50.017200000000003,10.118650436401399,5.677397727966310,Repubblica Ceca
18.422899999999998,49.924700000000001,14.207045555114700,6.748559951782230,Polonia
14.086800000000000,50.789400000000001,9.108762741088871,5.416733741760250,Repubblica Ceca
18.744000000000000,49.594200000000001,9.243925094604490,5.498330116271970,Repubblica Ceca
17.667200000000001,49.232900000000001,12.219990730285600,6.989358901977540,Repubblica Ceca
11.521000000000001,56.717399999999998,4.429230690002440,3.874948024749760,Danimarca
10.715500000000000,54.754500000000000,6.846692085266110,4.629892826080320,Danimarca
12.088900000000001,55.694200000000002,5.919437408447270,4.273560047149660,Danimarca
17.131399999999999,48.857300000000002,10.636767387390099,6.251571655273440,Repubblica Ceca
14.170199999999999,50.458900000000000,10.169672012329100,5.832505702972410,Repubblica Ceca
18.269700000000000,49.856299999999997,13.644096374511699,7.139939785003660,Repubblica Ceca
13.673400000000001,50.585799999999999,12.557302474975600,6.638931751251220,Repubblica Ceca
16.397200000000002,49.969700000000003,8.965099334716800,5.385014057159420,Repubblica Ceca
13.997900000000000,50.683100000000003,9.901650428771971,5.832733154296880,Repubblica Ceca
15.577400000000001,49.606400000000001,8.700877189636230,5.256944656372070,Repubblica Ceca
12.553300000000000,55.698300000000003,6.407859325408940,4.270497798919681,Danimarca
15.591300000000000,49.392400000000002,8.330288887023929,5.175687789916990,Repubblica Ceca
18.339099999999998,49.807099999999998,14.649084091186500,7.471034526824950,Repubblica Ceca
17.266200000000001,49.592900000000000,12.362955093383800,6.861007690429690,Repubblica Ceca
16.626999999999999,49.188800000000001,12.813832283020000,7.071835994720460,Repubblica Ceca
13.327600000000000,50.376600000000003,8.934057235717770,5.171649456024170,Repubblica Ceca
13.645300000000001,50.510399999999997,11.734534263610801,6.488860130310060,Repubblica Ceca
14.508800000000001,48.965899999999998,8.327836990356452,5.354578018188480,Repubblica Ceca
12.561400000000001,55.700299999999999,5.793194770812990,4.252864360809330,Danimarca
13.130100000000001,50.427599999999998,7.349395275115970,4.416277885437010,Repubblica Ceca
15.941000000000001,49.564599999999999,8.730484962463382,5.252724647521970,Repubblica Ceca
13.286899999999999,49.400599999999997,7.679374217987060,4.843622207641600,Repubblica Ceca
10.193600000000000,56.159799999999997,5.366065025329590,4.144846439361570,Danimarca
17.909500000000001,49.945000000000000,10.912436485290501,5.986870765686040,Repubblica Ceca
10.389200000000001,55.396400000000000,6.436772823333740,4.507248878479000,Danimarca
17.410599999999999,49.259399999999999,11.423091888427701,6.474486827850340,Repubblica Ceca
17.466799999999999,49.067999999999998,12.185544967651399,6.986581325531010,Repubblica Ceca
17.966999999999999,49.472099999999998,11.273325920105000,6.461390018463130,Repubblica Ceca
18.089300000000001,49.720900000000000,11.742514610290501,6.440854549407960,Repubblica Ceca
17.995999999999999,49.344400000000000,9.087205886840820,5.742753982543950,Repubblica Ceca
14.218800000000000,50.774200000000000,9.909636497497560,5.574100494384770,Repubblica Ceca
18.007800000000000,49.047800000000002,8.580142974853519,5.575928688049320,Repubblica Ceca
18.247199999999999,49.795999999999999,14.135446548461900,7.409240722656250,Repubblica Ceca
13.493800000000000,50.303500000000000,9.238822937011721,5.331000804901120,Repubblica Ceca
13.419499999999999,50.579799999999999,7.952188491821290,4.800709724426270,Repubblica Ceca
13.847700000000000,50.696700000000000,11.440587997436500,6.317761421203610,Repubblica Ceca
18.433599999999998,49.875700000000002,13.929670333862299,7.008112430572510,Repubblica Ceca
13.851200000000000,50.645299999999999,11.893213272094700,6.448379993438720,Repubblica Ceca
8.427400000000000,56.290399999999998,4.578727245330810,3.862611770629880,Danimarca
15.292500000000000,50.742199999999997,8.469249725341800,4.870535850524900,Repubblica Ceca
13.412699999999999,50.467500000000001,11.708261489868200,5.982172012329100,Repubblica Ceca
25.930599999999998,59.494399999999999,2.613594532012940,2.614418506622310,Estonia
13.482699999999999,50.169800000000002,8.430429458618162,5.069874763488770,Repubblica Ceca
21.844999999999999,58.376100000000001,2.823098659515380,2.741400003433230,Estonia
27.278600000000001,59.409700000000001,5.853521823883060,4.253894805908200,Estonia
26.734700000000000,58.370600000000003,6.409534454345700,4.479663372039790,Estonia
24.649500000000000,59.414200000000001,4.835498332977290,3.698576211929320,Estonia
28.179200000000002,59.376199999999997,5.395901203155520,4.684478759765620,Estonia
24.419300000000000,64.667699999999996,2.414021492004390,2.472772598266600,Finlandia
9.930899999999999,57.046700000000001,5.124780178070070,4.081437587738040,Danimarca
24.112300000000001,67.967200000000005,1.168649315834050,1.847320556640620,Finlandia
21.373999999999999,59.779200000000003,2.432846784591670,2.632160902023320,Finlandia
31.046900000000001,63.143099999999997,1.601186871528630,2.099217891693120,Finlandia
24.684899999999999,60.314399999999999,3.291953086853030,3.029974937438960,Finlandia
29.401599999999998,66.321700000000007,1.201647639274600,1.863056778907780,Finlandia
25.711099999999998,62.289900000000003,4.152338981628420,3.433634996414180,Finlandia
24.950600000000001,60.187399999999997,4.650980472564700,3.813056707382200,Finlandia
10.200799999999999,56.150599999999997,5.348004341125490,4.167606353759770,Danimarca
25.039500000000000,60.289900000000003,5.175113677978520,3.860296010971070,Finlandia
22.143100000000000,61.331600000000002,4.600950717926030,3.580602407455440,Finlandia
27.675400000000000,60.530000000000001,2.528945684432980,2.681674480438230,Finlandia
24.283300000000001,61.861100000000000,2.092167377471920,2.353283166885380,Finlandia
1.883300000000000,48.581899999999997,6.993601322174070,4.992763996124270,Francia
27.273299999999999,61.686399999999999,3.778852224349980,3.209803342819210,Finlandia
22.267700000000001,60.451900000000002,4.232503414154050,3.418737411499020,Finlandia
2.165600000000000,48.679400000000001,7.993511676788330,5.489310264587400,Francia
28.873699999999999,61.238100000000003,3.999577522277830,3.368979692459110,Finlandia
26.231700000000000,60.450499999999998,2.789587259292600,2.758165121078490,Finlandia
2.294400000000000,48.930300000000003,9.331050872802731,6.039810180664060,Francia
2.346700000000000,48.891700000000000,10.051332473754901,6.576804161071780,Francia
2.327500000000000,48.827800000000003,9.379882812500000,6.255915641784670,Francia
25.471299999999999,65.010000000000005,3.899382352828980,3.033175230026250,Finlandia
21.799700000000001,61.482599999999998,3.840214014053340,3.266674995422360,Finlandia
2.384700000000000,48.903900000000000,9.518956184387211,6.354063034057620,Francia
25.102399999999999,60.223900000000000,3.812400341033940,3.427567481994630,Finlandia
28.837800000000001,61.128399999999999,3.237397909164430,3.210903882980350,Finlandia
2.130600000000000,48.799199999999999,8.193171501159670,5.657739162445070,Francia
24.698599999999999,59.456899999999997,3.526478528976440,3.471963167190550,Estonia
26.758900000000001,58.702800000000003,3.163448810577390,2.878546953201290,Estonia
24.028500000000001,61.271599999999999,3.177949666976930,2.864653110504150,Finlandia
28.770099999999999,61.188899999999997,3.559065341949460,3.194788932800290,Finlandia
21.612700000000000,63.093499999999999,3.058557271957400,2.817532777786250,Finlandia
25.654900000000001,60.966999999999999,4.741268157958980,3.657382011413570,Finlandia
28.498500000000000,61.117100000000001,3.215810298919680,3.072076797485350,Finlandia
23.735700000000001,61.498699999999999,5.017836570739750,3.730815410614010,Finlandia
22.718399999999999,63.679099999999998,2.328231573104860,2.405467271804810,Finlandia
23.802199999999999,61.499099999999999,4.693435668945310,3.625563859939580,Finlandia
24.062799999999999,60.251300000000001,3.278142213821410,2.952724933624270,Finlandia
24.760600000000000,59.431100000000001,5.669634819030760,4.088546276092530,Estonia
12.463300000000000,55.631999999999998,5.540925025939940,3.995773553848270,Danimarca
27.669499999999999,62.893599999999999,3.074466228485110,2.809890985488890,Finlandia
24.191900000000000,62.588500000000003,1.990838050842290,2.300076723098750,Finlandia
2.444700000000000,48.990800000000000,8.950747489929199,6.009294986724850,Francia
28.303100000000001,68.477000000000004,1.139855265617370,1.846473932266240,Finlandia
25.133400000000002,61.215800000000002,2.306715488433840,2.441205978393550,Finlandia
23.496700000000001,60.816800000000001,3.031198501586910,2.863876104354860,Finlandia
25.566099999999999,60.360100000000003,3.551820039749150,3.113050699234010,Finlandia
2.653600000000000,48.528100000000002,7.998287200927730,5.422567367553710,Francia
22.096100000000000,60.425300000000000,2.675738573074340,2.771004199981690,Finlandia
23.675799999999999,61.508499999999998,4.507175445556640,3.560451745986940,Finlandia
25.591100000000001,60.979100000000003,4.059634208679200,3.384300231933590,Finlandia
2.750300000000000,49.028100000000002,7.897336483001710,5.331865787506100,Francia
2.575300000000000,48.955599999999997,9.994985580444339,6.242458820343020,Francia
26.946200000000001,60.513199999999998,3.648022890090940,3.184716224670410,Finlandia
26.637799999999999,67.361900000000006,1.415534973144530,1.946533322334290,Finlandia
1.830500000000000,48.633699999999997,6.962534427642820,4.940616130828860,Francia
25.089700000000001,60.471299999999999,4.606198310852050,3.627183198928830,Finlandia
24.811299999999999,60.220199999999998,4.782320976257320,3.703495502471920,Finlandia
28.184300000000000,61.055799999999998,3.763647556304930,3.311560869216920,Finlandia
2.375800000000000,48.775900000000000,8.764745712280270,6.013965129852290,Francia
25.743200000000002,62.243000000000002,4.396356582641600,3.469222307205200,Finlandia
25.010999999999999,60.311999999999998,5.197759151458740,3.851410627365110,Finlandia
2.278100000000000,48.881399999999999,9.213333129882811,6.127893447875980,Francia
2.412800000000000,48.838600000000000,8.729313850402830,5.990243911743160,Francia
2.645300000000000,48.354700000000001,6.550539016723630,4.731837272644040,Francia
-2.249900000000000,47.264099999999999,5.892798900604250,4.894258499145510,Francia
-0.743700000000000,46.656700000000001,5.789371967315670,4.579795837402340,Francia
-0.556100000000000,47.468499999999999,6.487554073333740,4.975731849670410,Francia
-1.690300000000000,47.146099999999997,5.993573188781740,4.853172779083250,Francia
0.151800000000000,47.921900000000001,6.252349853515620,4.658926010131840,Francia
-1.954800000000000,47.360799999999998,6.106264591217040,4.872937679290770,Francia
25.479299999999999,64.994699999999995,2.654239654541020,2.849473476409910,Finlandia
2.635300000000000,48.840299999999999,8.713375091552733,5.848549365997310,Francia
-1.436800000000000,46.660699999999999,5.592286586761470,4.591616630554200,Francia
2.043100000000000,49.046399999999998,8.062360763549799,5.515218257904050,Francia
23.131599999999999,63.837600000000002,2.869633913040160,2.660535097122190,Finlandia
-1.573300000000000,47.252800000000001,6.663269996643070,5.106811523437500,Francia
-0.767700000000000,48.069400000000002,6.123529434204100,4.713496208190920,Francia
26.705600000000000,60.869300000000003,3.714357614517210,3.219167470932010,Finlandia
-0.444000000000000,47.787700000000001,5.928948879241940,4.547779560089110,Francia
0.196000000000000,47.988900000000001,6.647234439849850,4.784089088439940,Francia
2.457200000000000,48.706699999999998,8.314491271972660,5.699053764343260,Francia
-1.117100000000000,46.135100000000001,5.242537975311280,4.524822711944580,Francia
2.507200000000000,48.881900000000002,8.726980209350589,5.941109657287600,Francia
0.221400000000000,47.971100000000000,6.197758674621580,4.710077285766600,Francia
28.245899999999999,61.057499999999997,3.930429220199580,3.332656860351560,Finlandia
-0.589400000000000,44.800500000000000,6.775188446044920,5.306239604949950,Francia
28.176500000000001,61.040799999999997,3.970754146575930,3.330553054809570,Finlandia
29.763400000000001,62.599100000000000,3.117960691452030,2.904271602630620,Finlandia
-1.552900000000000,47.204400000000000,6.693724632263180,5.142162799835210,Francia
2.189400000000000,48.846400000000003,8.561194419860840,5.711749076843260,Francia
-2.073300000000000,47.317300000000003,7.538733959198000,5.376992225646970,Francia
0.358500000000000,46.587000000000003,6.094745159149170,4.719996452331540,Francia
0.162400000000000,45.651499999999999,5.659136772155760,4.488135337829590,Francia
-0.651100000000000,44.841400000000000,6.982360363006590,5.357783317565920,Francia
-2.032300000000000,47.286099999999998,6.079432487487790,4.991108417510990,Francia
-0.515800000000000,44.900300000000001,6.412669658660890,5.126698017120360,Francia
-0.458900000000000,46.329599999999999,5.867866039276120,4.701819419860840,Francia
-0.886100000000000,47.054400000000001,5.920213222503660,4.727446556091310,Francia
2.429200000000000,48.627200000000002,8.416005134582520,5.732825279235840,Francia
28.810099999999998,61.152999999999999,3.463289976120000,3.235366344451900,Finlandia
27.733300000000000,64.224400000000003,3.503910303115840,2.986632108688350,Finlandia
-0.580400000000000,44.861199999999997,7.342596054077150,5.333196163177490,Francia
-0.391500000000000,43.310800000000000,6.733418941497800,5.186143875122070,Francia
-0.323900000000000,45.686999999999998,5.927189826965330,4.760421752929690,Francia
-1.528800000000000,43.494000000000000,5.166514873504640,4.505695343017580,Francia
-2.332100000000000,47.253100000000003,5.554138660430910,4.727496623992920,Francia
2.517500000000000,48.816400000000002,8.864997863769529,5.918573379516600,Francia
-0.550100000000000,47.447400000000002,6.024348258972170,4.725532531738280,Francia
2.236900000000000,48.364199999999997,6.848430633544920,4.869024753570560,Francia
-1.783200000000000,47.283200000000001,6.061940670013430,4.850656986236570,Francia
2.452500000000000,48.902500000000003,9.112229347229000,6.087321758270260,Francia
0.167200000000000,45.647399999999998,5.408336162567140,4.462357044219970,Francia
-2.190800000000000,47.315700000000000,6.640677928924560,5.206376075744630,Francia
2.268700000000000,48.640900000000002,7.879371166229250,5.477355480194090,Francia
1.866400000000000,49.063099999999999,7.471642494201660,5.166207313537600,Francia
2.343900000000000,49.100299999999997,8.281687736511230,5.611698627471920,Francia
-1.936600000000000,47.247500000000002,5.813468933105470,4.768910884857180,Francia
2.269900000000000,48.830399999999997,8.763342857360840,6.017160892486570,Francia
2.223600000000000,48.951400000000000,8.653490066528320,5.949563503265380,Francia
3.058300000000000,48.761699999999998,7.309702396392820,5.013181686401370,Francia
-0.135500000000000,46.824399999999997,6.085656166076660,4.637848377227780,Francia
1.703300000000000,48.996400000000001,7.530696868896480,5.293336868286130,Francia
-1.153700000000000,46.162599999999998,5.236468791961670,4.484197139739990,Francia
-0.610100000000000,47.430199999999999,5.842000961303710,4.660516738891600,Francia
0.099700000000000,45.608800000000002,5.365489482879640,4.496877670288091,Francia
-0.395900000000000,46.143200000000000,5.268095493316650,4.445343017578120,Francia
-0.940000000000000,44.865800000000000,4.433321475982670,4.037765026092530,Francia
2.421900000000000,48.872799999999998,8.848650932312010,6.054122447967530,Francia
1.256900000000000,45.831099999999999,6.308899879455570,4.829718112945560,Francia
0.623900000000000,44.192200000000000,5.567162990570070,4.648199558258060,Francia
0.898400000000000,45.884900000000002,4.796758174896240,4.186407566070560,Francia
-0.673200000000000,43.409900000000000,6.941810607910160,5.125031948089600,Francia
-1.211200000000000,46.161600000000000,5.195733547210690,4.536272048950200,Francia
1.762800000000000,45.262700000000002,4.242405414581300,3.767499446868900,Francia
1.307900000000000,45.873300000000000,5.479455947875980,4.473659038543701,Francia
-1.035300000000000,43.033600000000000,3.371759891510010,3.442902088165280,Francia
-0.491400000000000,43.896099999999997,5.447176933288570,4.806140899658200,Francia
0.727200000000000,45.189799999999998,5.242212295532230,4.352563858032230,Francia
-0.991900000000000,46.309600000000003,5.716238498687740,4.675002098083500,Francia
1.966300000000000,47.917400000000001,7.341295242309570,5.135133266448970,Francia
3.084200000000000,48.805900000000001,7.468457698822020,5.145022869110110,Francia
-0.610300000000000,43.377200000000002,5.578155040740970,4.888234138488770,Francia
2.003300000000000,46.942900000000002,5.186106204986570,4.286073684692380,Francia
1.302700000000000,47.594299999999997,6.071763515472410,4.644077301025390,Francia
2.407200000000000,47.075000000000003,5.835507869720460,4.497035503387451,Francia
2.719500000000000,47.997900000000001,6.550343036651610,4.771614074707030,Francia
-1.489200000000000,43.479799999999997,6.096379756927490,4.837799549102780,Francia
-0.538200000000000,43.376300000000001,6.090184211730960,4.812932491302490,Francia
1.468800000000000,48.439300000000003,6.302869319915770,4.658910274505620,Francia
2.073000000000000,47.222000000000001,6.165126323699950,4.620868682861330,Francia
2.610100000000000,46.814700000000002,4.954243183135990,4.115098953247071,Francia
1.944700000000000,47.837800000000001,6.613445758819580,4.744668960571290,Francia
1.873000000000000,46.173600000000000,4.535120487213130,3.879495620727540,Francia
0.142700000000000,44.508800000000001,5.407293319702150,4.484575748443600,Francia
0.704900000000000,47.394599999999997,6.156701087951660,4.647203445434570,Francia
0.653800000000000,47.344099999999997,6.033075332641600,4.559931278228760,Francia
-0.533900000000000,45.014800000000001,5.914135456085210,4.844742298126220,Francia
9.446400000000001,42.697899999999997,7.489227294921880,7.104421615600590,Francia
2.009300000000000,47.959000000000003,6.381396293640140,4.818907260894780,Francia
8.735700000000000,41.924700000000001,7.718856334686280,7.055511474609380,Francia
9.451700000000001,42.700099999999999,7.749736785888670,7.135737895965580,Francia
9.476000000000001,42.535800000000002,7.159778118133540,6.740073204040530,Francia
8.820300000000000,41.957999999999998,6.027197837829590,5.866860866546630,Francia
1.233600000000000,48.760899999999999,6.484448432922360,4.743977546691890,Francia
0.717300000000000,47.469299999999997,5.934375762939450,4.546958923339840,Francia
0.682900000000000,47.419100000000000,6.205145359039310,4.639039516448970,Francia
-1.038600000000000,43.704599999999999,6.174422264099120,5.098423480987550,Francia
1.955600000000000,48.391100000000002,6.696334838867190,4.802221775054930,Francia
1.537300000000000,45.158700000000003,5.592029094696040,4.483803272247310,Francia
1.693100000000000,46.798299999999998,5.668846607208250,4.459569454193120,Francia
-0.812000000000000,43.838900000000002,5.462893009185790,4.812511444091800,Francia
-0.576100000000000,44.722499999999997,5.720005512237550,4.783989906311040,Francia
-0.384400000000000,44.913100000000000,5.780474662780760,4.746870994567870,Francia
1.910300000000000,47.899400000000000,7.013068199157710,4.940187454223630,Francia
1.409700000000000,47.170200000000001,5.226130008697510,4.218995094299320,Francia
3.898800000000000,43.609600000000000,5.789090633392330,4.834653377532960,Francia
4.246400000000001,43.724600000000002,6.225672721862790,4.946031093597410,Francia
1.358500000000000,48.729700000000001,6.632818698883060,4.798890113830570,Francia
9.190000000000000,42.235999999999997,8.587476730346680,8.500893592834473,Francia
3.603600000000000,43.428199999999997,5.303065776824950,4.832299709320070,Francia
2.900500000000000,42.695500000000003,6.245996952056880,5.355285167694090,Francia
4.679600000000000,43.942599999999999,6.780346393585210,5.197885990142820,Francia
1.429500000000000,43.636000000000003,6.172482967376710,5.090456962585450,Francia
1.393300000000000,43.561599999999999,5.746544837951660,4.911201953887940,Francia
1.571500000000000,43.457299999999996,5.439989566802980,4.663103580474850,Francia
2.803000000000000,43.594400000000000,3.695458889007570,3.972850799560550,Francia
4.088400000000000,43.675800000000002,5.769180774688720,4.898854732513430,Francia
1.444000000000000,43.587299999999999,6.344977378845210,5.190747261047360,Francia
4.265800000000000,43.925400000000003,5.286244392395020,4.348495960235600,Francia
0.179100000000000,43.628700000000002,4.885675907135010,4.268338203430180,Francia
2.145900000000000,43.927799999999998,5.179578781127930,4.291566371917720,Francia
0.845600000000000,43.883899999999997,5.140181541442870,4.381646156311040,Francia
0.165300000000000,49.481099999999998,7.222271442413330,5.432218551635740,Francia
2.839900000000000,42.719799999999999,5.619954586029050,4.768432617187500,Francia
4.374400000000000,43.834400000000002,6.970914840698240,5.314342975616460,Francia
0.411600000000000,49.503999999999998,7.127529144287110,5.146305084228520,Francia
0.109300000000000,49.347999999999999,6.363414764404300,4.900636196136470,Francia
0.100600000000000,49.514699999999998,7.941507339477540,5.269770145416260,Francia
3.072200000000000,44.106200000000001,4.041315078735350,3.740460157394410,Francia
-0.040500000000000,43.096200000000003,4.876336574554440,4.540070533752440,Francia
2.062300000000000,45.805100000000003,3.625221729278560,3.411148309707640,Francia
4.643000000000000,43.829200000000000,6.950844764709470,5.203755378723140,Francia
0.451800000000000,49.487699999999997,6.950345039367680,5.045107364654540,Francia
0.110800000000000,48.445599999999999,6.060131072998050,4.665978431701660,Francia
1.595500000000000,43.803100000000001,5.119437217712400,4.560768604278560,Francia
2.219600000000000,44.555199999999999,4.175222396850591,3.763292312622070,Francia
0.358700000000000,49.528900000000000,7.221457958221440,5.146739006042480,Francia
1.622600000000000,43.114400000000003,4.839064598083500,4.285193920135500,Francia
-1.084700000000000,49.116399999999999,6.075284481048580,4.693068981170650,Francia
-1.626700000000000,49.636400000000002,5.826106548309330,4.640058994293210,Francia
1.510100000000000,48.444400000000002,6.438566207885740,4.784908294677730,Francia
0.957200000000000,49.916400000000003,6.469356536865230,4.695972442626950,Francia
1.058000000000000,49.428199999999997,8.383762359619142,5.674741268157960,Francia
0.232500000000000,49.502699999999997,7.123094081878660,5.261258602142330,Francia
5.023400000000000,43.359000000000002,7.130361557006840,6.106975078582760,Francia
-0.458300000000000,48.645000000000003,5.331560134887700,4.239019870758060,Francia
0.526200000000000,49.473700000000001,9.236195564270020,5.802349090576170,Francia
-0.352800000000000,49.151699999999998,6.601740837097170,5.007041454315190,Francia
0.084600000000000,49.503900000000002,5.631727695465090,4.909847736358640,Francia
1.155200000000000,49.406199999999998,7.984977245330810,5.474725723266600,Francia
1.018700000000000,49.384999999999998,7.895879745483400,5.457010269165040,Francia
0.758800000000000,49.498300000000000,6.657565116882320,4.848488807678220,Francia
0.415900000000000,49.750000000000000,6.513869285583500,4.897583961486820,Francia
1.771900000000000,46.864500000000000,5.438916206359860,4.263452053070070,Francia
4.981900000000000,43.401899999999998,11.891645431518601,6.639840126037600,Francia
1.214400000000000,49.304900000000004,7.224771976470950,5.144676208496090,Francia
4.801000000000000,43.393799999999999,7.447092533111570,6.236561298370360,Francia
4.934600000000000,43.458900000000000,7.492532253265380,5.984553337097170,Francia
3.886800000000000,43.591500000000003,5.899723052978520,4.869654178619380,Francia
0.227200000000000,49.147199999999998,6.194718837738040,4.685400962829590,Francia
1.345100000000000,49.781199999999998,7.180857181549070,5.002954483032230,Francia
4.697400000000000,44.054499999999997,6.411514282226560,5.109733581542970,Francia
1.156700000000000,49.009200000000000,6.862582206726070,4.920523166656490,Francia
1.411800000000000,44.022700000000000,5.075725078582760,4.404567718505861,Francia
2.225700000000000,44.545900000000003,4.277941226959231,3.766321659088130,Francia
5.051600000000000,43.405299999999997,7.496283531188960,6.173279762268070,Francia
2.230200000000000,43.610500000000002,4.908196449279790,4.240609645843511,Francia
0.719600000000000,43.106200000000001,5.426041126251220,4.308775424957280,Francia
1.375700000000000,43.633499999999998,6.064527511596680,4.938536643981930,Francia
0.062300000000000,43.230300000000000,7.108223915100100,5.497364521026610,Francia
1.074000000000000,49.917999999999999,6.663778305053710,4.826130867004390,Francia
3.504800000000000,43.287500000000001,5.042366981506350,4.821999073028560,Francia
3.188800000000000,43.406799999999997,4.438749313354491,4.224647998809810,Francia
1.821900000000000,43.441400000000002,5.043243408203120,4.418078422546391,Francia
1.284300000000000,49.671300000000002,7.071851253509520,5.028559684753420,Francia
3.800200000000000,43.692599999999999,5.087768554687500,4.700984001159670,Francia
5.160100000000000,43.386800000000001,6.882968425750730,5.801019191741940,Francia
5.171900000000000,43.486199999999997,8.774713516235350,6.749694824218750,Francia
0.539000000000000,49.512099999999997,7.610764026641850,5.335553646087650,Francia
5.440900000000000,43.530299999999997,7.502660274505620,5.827457904815670,Francia
4.982900000000000,43.506100000000004,8.078975677490233,6.072058200836180,Francia
5.254100000000000,43.445999999999998,8.896417617797850,6.922895431518550,Francia
5.006500000000000,43.584699999999998,6.919007301330570,5.759516239166260,Francia
5.151200000000000,43.330900000000000,6.512131214141850,5.598737716674800,Francia
5.360100000000000,43.348100000000002,8.697521209716800,6.984004974365230,Francia
0.253100000000000,49.497500000000002,7.567046165466310,5.307538509368900,Francia
5.397400000000000,43.276400000000002,8.172968864440920,6.696730613708500,Francia
5.058800000000000,43.339900000000000,7.427780628204350,6.134223461151120,Francia
4.629200000000000,43.675100000000000,7.252453327178960,5.504679679870610,Francia
4.804300000000000,43.949700000000000,7.895714759826660,5.558036327362060,Francia
5.511400000000000,43.283299999999997,7.559864997863770,6.305060863494870,Francia
3.911800000000000,43.570500000000003,5.583593368530270,4.834491729736330,Francia
5.220100000000000,43.510800000000003,7.542087078094480,6.116472721099850,Francia
4.138300000000000,44.142400000000002,5.051224231719970,4.224589824676510,Francia
5.727400000000000,43.335200000000000,7.053698062896730,6.296207427978520,Francia
5.101100000000000,43.639000000000003,7.176884651184080,5.832899093627930,Francia
5.924400000000000,43.124600000000001,7.386451244354250,6.252274036407470,Francia
5.753100000000000,45.182800000000000,12.885258674621600,8.622973442077640,Francia
5.466700000000000,43.453600000000002,7.432240009307860,5.856282234191890,Francia
3.113800000000000,45.797300000000000,7.224473953247070,4.956559658050540,Francia
4.820300000000000,45.755299999999998,9.302984237670900,6.213321208953860,Francia
3.361100000000000,46.440899999999999,5.493694305419920,4.235157489776611,Francia
6.011500000000000,43.135899999999999,7.120695114135740,5.989883899688720,Francia
4.856700000000000,43.960099999999997,7.386173725128170,5.473144531250000,Francia
7.093200000000000,43.598799999999997,8.138594627380369,6.822213172912600,Francia
5.072200000000000,45.753300000000003,7.885745525360110,5.634150028228760,Francia
6.768400000000000,43.437899999999999,7.307481288909910,6.252917289733890,Francia
4.883600000000000,45.703600000000002,9.364990234375000,6.314996242523190,Francia
7.332400000000000,43.788800000000002,7.286399841308590,6.289047241210940,Francia
3.600700000000000,46.652700000000003,5.852706909179690,4.586987972259520,Francia
5.589400000000000,45.360199999999999,9.794525146484380,6.589576244354250,Francia
6.067200000000000,44.548699999999997,8.478833198547360,7.281114101409910,Francia
3.096300000000000,45.775700000000001,5.940549850463870,4.808900833129880,Francia
2.598000000000000,46.344000000000001,5.801479339599610,4.345634937286380,Francia
4.802200000000000,45.601900000000001,8.641016006469730,5.995326519012450,Francia
3.248300000000000,45.545400000000001,5.388442039489750,4.301060676574710,Francia
3.249300000000000,46.658999999999999,5.386031150817870,4.170232772827150,Francia
4.465700000000000,45.961399999999998,4.885787010192870,3.962417364120480,Francia
5.711800000000000,43.933500000000002,4.665552139282230,4.535729885101320,Francia
6.920900000000000,43.657800000000002,7.577450752258300,6.327600479125980,Francia
5.786100000000000,43.835799999999999,5.311785221099850,4.787985801696780,Francia
2.441100000000000,44.920099999999998,4.630400657653810,3.878812074661250,Francia
7.157900000000000,43.658299999999997,8.719807624816889,7.136579036712650,Francia
3.887000000000000,45.039000000000001,4.518081188201900,4.058380126953120,Francia
0.743600000000000,43.093600000000002,4.442150115966801,4.119523048400880,Francia
7.048300000000000,43.791899999999998,6.191874980926510,5.737311840057370,Francia
4.719600000000000,45.986199999999997,8.351076126098629,5.777069568634030,Francia
3.277400000000000,45.104700000000001,3.923138141632080,3.672523021698000,Francia
4.428000000000000,43.457099999999997,6.339609622955320,5.298901081085210,Francia
5.687000000000000,45.190500000000000,9.617525100708010,6.627577304840090,Francia
4.829700000000000,45.699500000000000,9.541811943054199,6.271032810211180,Francia
4.954000000000000,45.823200000000000,7.860043525695800,5.539388179779050,Francia
7.242100000000000,43.689300000000003,8.746253967285160,7.247838973999020,Francia
7.286300000000000,43.702100000000002,8.333816528320312,7.072368621826170,Francia
4.924700000000000,45.778900000000000,8.069816589355472,5.726617813110350,Francia
6.073000000000000,44.555199999999999,8.521316528320312,7.322631359100340,Francia
2.601000000000000,46.323999999999998,5.160831451416020,4.333621501922610,Francia
3.515100000000000,46.060299999999998,4.376642227172850,3.884256601333620,Francia
5.676700000000000,45.057800000000000,6.741723537445070,5.577895164489750,Francia
5.728700000000000,45.079500000000003,8.210074424743652,6.148223876953120,Francia
4.980300000000000,45.731699999999996,8.404850006103519,5.896457672119140,Francia
3.111100000000000,45.807499999999997,6.904465675354000,4.994021415710450,Francia
3.331100000000000,46.561900000000001,5.912087440490720,4.461735725402831,Francia
4.074700000000000,46.041100000000000,7.205260276794430,5.127459049224850,Francia
4.395400000000001,45.420099999999998,7.331473350524900,5.307934284210210,Francia
-3.395000000000000,47.742500000000000,5.634493350982670,4.865828037261960,Francia
5.067400000000000,44.060400000000001,5.772326946258540,4.687837600708010,Francia
4.889800000000000,44.948900000000002,7.625272750854490,5.447442531585690,Francia
4.389800000000000,45.466700000000003,7.333175659179690,5.318745613098140,Francia
6.845800000000000,45.907200000000003,6.959587097167970,6.788504123687740,Francia
4.623900000000000,45.533400000000000,6.738262176513670,5.040007114410400,Francia
3.065900000000000,50.378200000000000,9.039236068725589,5.933906555175780,Francia
6.713600000000000,45.923600000000000,5.934642791748050,5.723329544067380,Francia
1.890100000000000,50.957799999999999,7.979010105133060,5.604964256286620,Francia
4.412800000000000,45.422100000000000,7.293780326843260,5.280756473541260,Francia
6.349700000000000,45.274700000000003,8.158066749572750,6.516674518585210,Francia
4.429700000000001,45.481800000000000,7.646202087402340,5.345047950744630,Francia
-2.764000000000000,47.648899999999998,5.475233078002930,4.668887138366700,Francia
4.804900000000000,45.353299999999997,8.209321022033690,5.496951103210450,Francia
2.420000000000000,51.048600000000000,9.162784576416019,6.062117576599120,Francia
5.918600000000000,45.596699999999998,13.132649421691900,8.339618682861330,Francia
4.766500000000000,45.454500000000003,6.995896816253660,5.105830669403080,Francia
5.270900000000000,45.608199999999997,8.189293861389160,5.721701145172120,Francia
-1.679800000000000,48.107500000000002,6.505267143249510,4.972499370574950,Francia
3.522700000000000,50.364199999999997,9.937935829162599,6.162948608398440,Francia
5.820800000000000,46.072200000000002,7.112707138061520,5.067143440246580,Francia
6.469400000000000,44.997000000000000,6.038959503173830,6.428345203399660,Francia
5.875400000000000,43.101599999999998,6.869795799255370,5.984578609466550,Francia
4.515000000000000,45.475299999999997,7.554923534393310,5.259964942932130,Francia
6.389700000000000,45.674999999999997,8.573880195617679,6.553824424743650,Francia
6.131300000000000,43.119700000000002,6.751636028289790,5.783811092376710,Francia
3.115100000000000,45.894199999999998,6.579617023468020,4.901057243347170,Francia
-1.659100000000000,48.089599999999997,6.245913982391360,4.890288829803470,Francia
4.876300000000000,44.870199999999997,7.624577999114990,5.412951946258540,Francia
2.420200000000000,44.898299999999999,4.233440399169920,3.835613012313840,Francia
6.240600000000000,46.195799999999998,9.703506469726561,6.451922416687010,Francia
-4.099700000000001,47.996099999999998,5.663200855255130,4.778238296508790,Francia
6.075600000000000,43.398699999999998,6.001389980316160,5.268334865570070,Francia
-1.996100000000000,48.654699999999998,5.119762897491460,4.323992729187010,Francia
3.687900000000000,45.274700000000003,3.550319194793700,3.590672969818120,Francia
5.183100000000000,43.548299999999998,7.377936363220210,6.238328933715820,Francia
1.843100000000000,50.947299999999998,7.868827819824220,5.569779872894290,Francia
4.834700000000000,43.788400000000003,7.210022926330570,5.398476123809810,Francia
-3.375000000000000,47.751700000000000,5.811335086822510,4.861166477203370,Francia
6.420800000000000,45.746699999999997,5.844506740570070,5.594283103942870,Francia
7.122200000000000,43.580900000000000,8.150785446166990,6.972416400909420,Francia
5.362000000000000,43.880099999999999,5.217860698699950,4.470817565917970,Francia
5.882200000000000,45.279699999999998,8.761404991149902,6.787669658660890,Francia
4.875400000000000,45.526000000000003,8.488363265991209,5.879786491394040,Francia
-4.488700000000000,48.397500000000001,5.554412364959720,4.894690513610840,Francia
-4.475100000000001,48.411900000000003,5.756602287292480,4.890199184417720,Francia
1.576600000000000,50.694400000000002,7.097099304199220,5.231660842895510,Francia
6.135600000000000,45.916899999999998,9.341857910156250,6.506449699401860,Francia
5.181100000000000,45.460900000000002,6.994952201843260,5.177440166473390,Francia
6.989000000000000,44.094700000000003,5.563916206359860,5.961908817291260,Francia
4.615800000000000,45.389600000000002,5.318946838378910,4.593085765838620,Francia
4.770700000000000,45.321800000000003,6.712270736694340,4.944752693176270,Francia
6.471100000000000,45.535800000000002,5.574815273284910,4.966744422912600,Francia
6.118300000000000,45.895299999999999,9.009025573730471,6.437905788421630,Francia
5.044300000000000,45.042499999999997,7.389579772949220,5.257613182067870,Francia
-2.749500000000000,48.513500000000001,5.512530326843260,4.508627414703370,Francia
5.461200000000000,43.555799999999998,6.793534755706790,5.551826000213620,Francia
1.769200000000000,50.949900000000000,7.444891452789310,5.351727485656740,Francia
3.603300000000000,45.868800000000000,4.201332092285160,3.968738317489620,Francia
3.395900000000000,50.322800000000001,9.369012832641600,5.975315570831300,Francia
2.302200000000000,51.024500000000003,10.039255142211900,6.027897357940670,Francia
3.236100000000000,50.172499999999999,8.802832603454590,5.760436534881590,Francia
3.976900000000000,50.279400000000003,9.345422744750980,5.845530986785890,Francia
2.482200000000000,49.276400000000002,8.646517753601072,5.728105545043950,Francia
4.050300000000000,48.295000000000002,6.533526420593260,4.592943191528320,Francia
5.226400000000000,46.211700000000000,7.580335617065430,5.289759635925290,Francia
4.385000000000000,44.622300000000003,3.962150573730470,3.795377969741820,Francia
3.850000000000000,50.092300000000002,8.378133773803709,5.411089420318600,Francia
3.551800000000000,50.420299999999997,9.827837944030760,6.178840637207030,Francia
6.114700000000000,49.333100000000002,10.836280822753899,5.861406803131100,Francia
2.829800000000000,45.929299999999998,4.257209777832031,3.656526088714600,Francia
2.251000000000000,51.019399999999997,16.999666213989300,9.868694305419920,Francia
7.745000000000000,48.590400000000002,11.002959251403800,6.291985511779790,Francia
5.387500000000000,49.167800000000000,6.933767795562740,4.692050933837890,Francia
4.031100000000001,49.258600000000001,7.976106166839600,5.324577331542970,Francia
4.630000000000000,49.907800000000002,6.736922740936280,4.519822120666500,Francia
2.259800000000000,50.748199999999997,8.435372352600099,5.786496162414550,Francia
5.279000000000000,44.569400000000002,4.503718376159670,4.165124893188480,Francia
3.223300000000000,49.613100000000003,8.039987564086912,5.356194972991940,Francia
4.966100000000000,48.645800000000001,6.545310020446780,4.567682743072510,Francia
2.801100000000000,49.696700000000000,8.043790817260740,5.472426891326900,Francia
-1.201600000000000,48.347499999999997,6.106569766998290,4.789278984069820,Francia
4.090600000000000,49.920600000000000,7.728863716125490,5.180698871612550,Francia
3.427900000000000,50.456499999999998,9.505710601806641,6.019248962402340,Francia
2.304600000000000,49.901699999999998,8.160934448242189,5.564855098724370,Francia
-1.836300000000000,47.831899999999997,5.791585445404050,4.608388423919680,Francia
2.839000000000000,50.531999999999996,9.056270599365231,5.986436843872070,Francia
6.585800000000000,48.024600000000000,5.726911067962650,4.354506492614750,Francia
1.608100000000000,50.712499999999999,7.809531211853030,5.440405845642090,Francia
1.610800000000000,50.129399999999997,7.549964427948000,5.258037090301510,Francia
3.076600000000000,50.670000000000002,9.391888618469240,6.166195869445800,Francia
4.020600000000000,49.224200000000003,8.151853561401373,5.367592811584470,Francia
3.284000000000000,49.851300000000002,8.152856826782230,5.435352802276610,Francia
2.635700000000000,50.535400000000003,9.035643577575680,6.018749713897710,Francia
2.666400000000000,50.489699999999999,8.892863273620613,5.937383174896240,Francia
2.143200000000000,50.981099999999998,8.290474891662599,5.693303108215330,Francia
4.673600000000000,44.675899999999999,5.197193145751950,4.249495983123780,Francia
6.076100000000000,49.324700000000000,8.689247131347660,5.490022182464600,Francia
2.900000000000000,50.449100000000001,8.532398223876950,5.893096446990970,Francia
6.132500000000000,49.271400000000000,9.580468177795410,5.822209358215330,Francia
2.807400000000000,50.308900000000001,8.656869888305662,5.826848506927490,Francia
7.708900000000000,48.608800000000002,11.165549278259300,6.154967308044430,Francia
4.719200000000000,49.745300000000000,7.372716426849370,4.821928977966310,Francia
3.912600000000000,49.158600000000000,6.997840404510500,4.985044002532960,Francia
4.539800000000000,49.890999999999998,6.958178043365480,4.594926357269290,Francia
4.360000000000001,48.962200000000003,7.308495044708250,4.973883152008060,Francia
2.826700000000000,50.436799999999998,8.532398223876950,5.790985584259030,Francia
1.991500000000000,50.610500000000002,7.966554164886470,5.574951171875000,Francia
6.160800000000000,49.368600000000001,9.191512107849119,5.604224205017090,Francia
3.955900000000000,49.046100000000003,7.519224166870120,5.032597064971920,Francia
3.159100000000000,50.724200000000003,9.407074928283690,6.139097213745120,Francia
3.029600000000000,50.434600000000003,9.080097198486330,5.944200992584230,Francia
2.880000000000000,50.687199999999997,9.646636009216310,6.287006378173830,Francia
6.051400000000000,48.884700000000002,7.611444473266600,4.900083541870120,Francia
7.333100000000000,48.065399999999997,10.030762672424300,6.072075843811040,Francia
7.314200000000000,48.857300000000002,7.542851924896240,4.808641910552980,Francia
6.957400000000000,49.195399999999999,8.832057952880859,5.099667549133300,Germania
6.207200000000000,49.131100000000004,8.610930442810060,5.319512844085690,Francia
6.483900000000000,48.584800000000001,7.537321567535400,5.009607791900630,Francia
4.594800000000000,48.726599999999998,6.951571941375730,4.872877597808840,Francia
4.076900000000000,48.301699999999997,6.521316528320310,4.605008125305180,Francia
2.094400000000000,49.438899999999997,7.798233032226560,5.438337326049800,Francia
3.090300000000000,50.628100000000003,9.652821540832520,6.194200992584230,Francia
6.181200000000000,49.125100000000003,8.731095314025882,5.412862777709960,Francia
7.309100000000000,47.737400000000001,10.357767105102500,6.462464332580570,Francia
2.282500000000000,49.877200000000002,8.013972282409670,5.519777774810790,Francia
3.281400000000000,49.842799999999997,8.118197441101072,5.432997226715090,Francia
3.171100000000000,46.996800000000000,6.202317714691160,4.613481998443600,Francia
5.162800000000000,48.775900000000000,6.465520858764650,4.414459228515620,Francia
4.847300000000000,46.782299999999999,8.062083244323730,5.516249656677250,Francia
6.925800000000000,49.220399999999998,9.394033432006839,5.094250679016110,Germania
6.731700000000000,49.158400000000000,8.205790519714363,4.912257671356200,Germania
-2.758300000000000,47.656999999999996,5.838342666625980,4.718253612518310,Francia
2.214700000000000,50.996000000000002,8.840554237365723,7.158288002014160,Francia
6.212700000000000,49.168799999999997,8.608715057373050,5.305902957916260,Francia
6.015400000000000,47.247399999999999,7.634267807006840,5.174041271209720,Francia
3.339400000000000,50.366399999999999,9.347710609436040,5.980463504791260,Francia
6.873000000000000,48.072000000000003,4.847625255584720,3.761058568954470,Francia
6.452800000000000,48.172699999999999,7.038497924804690,4.794924736022950,Francia
7.538700000000000,47.820200000000000,9.219021797180179,5.242374420166020,Francia
6.825900000000000,47.294600000000003,5.911563873291020,4.371951580047610,Francia
7.129800000000000,48.493000000000002,5.911595821380620,4.123744010925291,Francia
5.556600000000000,46.671300000000002,6.220359325408940,4.500051498413091,Francia
6.183600000000000,47.245800000000003,6.164540290832520,4.625683784484860,Francia
3.307000000000000,49.863000000000000,8.029987335205080,5.418772697448730,Francia
13.060200000000000,52.401400000000002,7.878817558288570,4.030919551849370,Germania
8.158500000000000,48.919400000000003,9.789898872375490,5.290071010589600,Francia
14.285100000000000,53.064300000000003,10.183335304260300,4.571328639984130,Germania
7.083500000000000,49.118299999999998,8.635019302368162,5.036561965942380,Francia
14.638199999999999,52.146299999999997,7.955754756927490,4.112383365631100,Germania
2.353800000000000,51.052100000000003,8.741539001464840,6.022963047027590,Francia
6.058300000000000,48.914999999999999,7.687405586242680,4.903837680816650,Francia
14.327999999999999,51.756599999999999,7.872815608978270,4.134428977966311,Germania
14.538600000000001,52.337299999999999,8.449953079223629,4.095550537109381,Germania
6.190400000000000,48.688200000000002,8.285471916198730,5.282930374145510,Francia
7.568200000000000,47.594900000000003,11.310838699340801,6.315812110900880,Francia
2.366300000000000,50.995899999999999,8.221326828002930,5.926638603210450,Francia
12.548600000000000,52.409399999999998,7.860583305358890,4.044699668884280,Germania
14.015200000000000,52.563899999999997,7.413361072540280,4.035173416137700,Germania
3.576200000000000,47.800600000000003,6.182081699371340,4.561142444610600,Francia
7.347300000000000,47.757399999999997,11.357883453369100,6.708960056304930,Francia
4.824800000000000,49.736300000000000,7.271037101745600,4.737030506134030,Francia
13.037500000000000,52.393900000000002,7.390256404876710,3.992818355560300,Germania
5.065900000000000,47.307400000000001,7.374080657958980,5.152719020843510,Francia
6.965300000000000,48.694699999999997,7.252207279205320,4.717779159545900,Francia
14.334500000000000,51.746800000000000,7.633985996246340,4.127456665039060,Germania
5.785600000000000,49.065800000000003,7.202808856964110,4.761332988739010,Francia
4.099500000000000,47.274799999999999,4.442385196685790,3.949630498886110,Francia
6.194900000000000,48.621499999999997,8.237940788269039,5.219508647918700,Francia
12.734200000000000,52.689999999999998,7.394108295440670,3.976683378219600,Germania
12.561400000000001,52.194200000000002,6.995574474334720,3.841726303100590,Germania
12.807000000000000,52.903799999999997,7.344569683074950,4.072602272033690,Germania
3.116000000000000,50.588600000000000,9.352978706359860,6.097589969635010,Francia
11.738500000000000,52.998800000000003,7.467151641845700,4.017661571502690,Germania
3.049500000000000,50.597700000000003,9.373399734497070,6.147790908813480,Francia
6.859300000000000,47.640700000000002,9.421390533447269,5.885686397552490,Francia
7.687800000000000,48.515700000000002,11.004766464233400,6.163862228393550,Francia
13.526800000000000,51.462699999999998,8.316890716552733,4.306487083435061,Germania
14.376400000000000,51.564500000000002,7.507039070129400,4.160917282104491,Germania
3.277300000000000,48.200400000000002,6.390711307525630,4.660538196563720,Francia
6.304800000000000,48.633299999999998,8.469117164611820,5.301313400268550,Francia
12.885300000000001,52.608499999999999,7.530054569244380,4.062864303588870,Germania
7.797000000000000,48.815399999999997,9.932846069335939,5.651268959045410,Francia
6.129600000000000,48.565399999999997,7.678357601165770,5.041878700256350,Francia
6.157600000000000,47.619999999999997,7.545401573181150,5.062469482421880,Francia
13.582300000000000,52.677700000000002,7.540792465209960,4.013204574584960,Germania
2.867300000000000,50.496499999999997,8.765548706054689,5.848486423492430,Francia
13.424300000000001,52.349699999999999,7.780677795410160,4.103450298309330,Germania
6.201400000000000,49.394399999999997,8.912720680236820,5.384967803955080,Francia
4.117200000000001,48.299199999999999,6.469434738159180,4.623017311096190,Francia
4.840000000000000,46.316200000000002,7.870767593383790,5.458299160003660,Francia
7.011100000000000,48.051099999999998,5.005201339721680,4.143408298492430,Francia
4.417500000000001,46.802399999999999,6.346512794494630,4.710777282714840,Francia
13.822200000000000,52.832500000000003,6.951897144317630,3.841850280761720,Germania
5.400900000000000,47.042600000000000,7.343328952789310,5.134005069732670,Francia
4.366900000000000,46.678800000000003,6.765743255615230,4.838145256042480,Francia
5.496400000000000,47.096699999999998,7.573071956634520,5.138435840606690,Francia
7.122800000000000,47.802199999999999,7.757806301116940,5.162073612213130,Francia
6.051900000000000,47.297300000000000,7.720741271972660,5.141376972198490,Francia
5.749100000000000,47.954200000000000,6.623663425445560,4.565086841583250,Francia
4.835100000000000,46.821100000000001,7.712467193603520,5.345223426818850,Francia
4.069600000000001,49.349200000000003,7.571259021759030,5.122422218322750,Francia
14.056900000000001,51.897500000000001,7.505734443664550,4.067221164703370,Germania
6.868400000000000,47.538200000000003,9.827598571777340,5.979728221893310,Francia
6.794000000000000,47.510300000000001,9.226658821105961,5.745728969573970,Francia
9.978999999999999,48.396799999999999,8.972064971923830,4.647055625915530,Germania
7.802300000000000,48.578200000000002,9.327508926391600,5.317044734954830,Francia
13.333000000000000,52.506599999999999,8.734907150268549,4.207208633422850,Germania
13.387700000000001,52.438099999999999,8.158432960510250,4.107495784759520,Germania
7.633300000000000,47.588200000000001,10.075670242309601,5.744822025299070,Svizzera
13.123699999999999,52.484200000000001,7.522903442382810,4.006079673767090,Germania
9.414500000000000,48.708700000000000,8.234607696533200,4.311549186706541,Germania
8.406700000000003,49.076500000000003,9.292174339294430,4.722234249114990,Germania
13.296099999999999,52.653300000000002,7.433427810668950,4.082459449768070,Germania
10.096299999999999,48.847900000000003,7.972818374633790,4.322109699249270,Germania
13.848300000000000,52.481900000000003,8.043759346008303,4.071666717529301,Germania
8.676700000000000,49.419499999999999,9.150878906250000,4.557327747344970,Germania
5.556100000000000,47.147300000000001,7.047566413879390,4.886135578155520,Francia
7.764500000000000,47.809899999999999,5.234643459320070,3.669812440872190,Germania
12.370200000000001,52.524000000000001,7.288249015808110,3.911557197570800,Germania
8.665500000000000,48.889000000000003,7.008141517639160,3.945928812026980,Germania
13.441700000000001,52.467500000000001,8.093019485473629,4.082034587860110,Germania
5.937200000000000,48.193600000000004,7.000836849212650,4.723737239837650,Francia
4.950600000000000,47.137200000000000,6.776839733123780,4.763982295989990,Francia
8.463600000000000,48.048699999999997,5.899548053741460,3.788597106933590,Germania
13.469900000000001,52.514099999999999,8.586339950561520,4.171256065368650,Germania
13.348800000000001,52.485799999999998,8.623665809631349,4.198319435119630,Germania
13.225099999999999,52.473199999999999,7.476691246032710,3.997186660766600,Germania
9.800300000000000,48.089900000000000,8.431610107421880,4.809449195861820,Germania
13.368100000000000,52.398400000000002,7.844280242919920,4.090743541717530,Germania
9.485700000000000,47.660100000000000,9.418906211853029,5.149149417877200,Germania
9.224800000000000,49.165500000000002,8.886681556701660,4.382309436798100,Germania
13.483100000000000,52.644199999999998,7.778351306915280,4.084061622619630,Germania
13.647100000000000,52.447699999999998,7.213095664978030,3.914879322052000,Germania
9.172800000000001,48.899200000000000,9.258178710937500,4.471802234649660,Germania
8.387200000000000,49.008000000000003,10.011859893798800,4.867161273956300,Germania
8.465299999999999,49.544100000000000,10.388017654418899,4.804558753967290,Germania
9.207300000000000,48.488900000000001,7.051564216613770,4.160805225372310,Germania
9.229699999999999,48.808799999999998,9.559416770935060,4.510103225708010,Germania
8.700100000000003,49.300699999999999,8.710777282714840,4.573957443237300,Germania
9.169300000000000,47.664400000000001,9.557773590087891,5.259796142578120,Svizzera
9.180700000000000,48.783099999999997,9.014408111572269,4.422618389129640,Germania
9.051200000000000,48.507700000000000,7.980982303619380,4.115690708160401,Germania
9.205200000000000,48.959299999999999,8.999455451965330,4.464193820953370,Germania
11.564900000000000,48.137300000000003,9.084122657775881,4.631843090057370,Germania
9.171500000000000,49.869399999999999,7.886841773986820,4.121583938598630,Germania
12.159400000000000,49.679000000000002,7.576910495758060,4.192595958709721,Germania
9.118000000000000,49.991500000000002,8.420976638793952,4.275021553039550,Germania
9.207599999999999,48.345799999999997,6.292925834655760,4.115680694580080,Germania
13.529500000000001,52.485300000000002,7.883101463317870,4.055303573608400,Germania
11.554700000000000,48.154499999999999,9.396427154541019,4.674631595611570,Germania
7.855000000000000,48.013399999999997,6.885983467102050,3.901295900344850,Germania
7.859900000000000,47.988199999999999,6.258320808410640,3.792004108428960,Germania
10.895000000000000,48.364600000000003,8.778192520141600,4.590354442596440,Germania
9.229400000000000,48.677500000000002,8.972809791564940,4.359567165374761,Germania
9.081400000000000,48.902900000000002,8.772528648376460,4.449965476989750,Germania
8.577000000000000,49.027600000000000,8.541807174682623,4.440245151519780,Germania
11.786300000000001,49.488000000000000,7.360910415649410,4.241641044616700,Germania
10.903100000000000,48.326000000000001,8.199149131774902,4.535318374633790,Germania
10.887700000000001,49.898299999999999,7.641820430755620,4.230942726135251,Germania
9.016500000000001,48.801000000000002,8.867211341857910,4.441547870635990,Germania
9.225899999999999,49.146000000000001,8.494646072387702,4.370658397674560,Germania
11.088400000000000,49.445900000000002,8.578786849975589,4.367645263671881,Germania
12.829300000000000,48.177199999999999,10.731685638427701,5.570847988128660,Germania
8.390599999999999,48.229100000000003,5.646808147430420,3.919843673706050,Germania
12.781400000000000,48.182800000000000,9.032296180725099,5.105654239654540,Germania
8.220200000000000,48.773099999999999,6.685687065124510,4.092906475067140,Germania
8.472000000000000,49.492600000000003,9.785483360290529,4.740051269531250,Germania
11.024800000000001,49.462200000000003,8.680819511413572,4.353728771209721,Germania
9.964000000000000,48.822800000000001,7.933814525604250,4.103485107421881,Germania
9.657900000000000,49.634799999999998,8.076117515563960,4.145979404449460,Germania
9.733200000000000,49.107900000000001,8.013112068176270,4.197779178619381,Germania
9.436999999999999,48.945000000000000,8.588515281677250,4.324180603027340,Germania
8.904400000000003,48.645600000000002,7.984225273132320,4.317361831665040,Germania
11.428800000000001,48.769399999999997,11.039558410644499,5.088057994842530,Germania
10.232100000000001,50.048400000000001,8.388600349426270,4.255717754364010,Germania
11.897500000000001,50.320599999999999,7.358761787414550,4.169291496276860,Germania
8.979400000000000,48.526400000000002,7.766148567199710,4.187118053436280,Germania
8.844300000000000,48.946700000000000,8.094477653503420,4.216547966003420,Germania
12.548900000000000,49.438499999999998,7.259421348571780,4.209142208099370,Germania
10.572300000000000,49.304900000000004,7.765860080718990,4.181693077087400,Germania
8.869100000000000,48.594799999999999,8.084390640258793,4.237296581268310,Germania
10.306600000000000,47.725099999999998,6.046464443206790,4.003408908843990,Germania
11.879200000000001,48.909500000000001,7.739892482757570,4.353804588317870,Germania
9.956400000000000,49.804699999999997,8.454559326171880,4.270219326019290,Germania
9.688900000000000,47.557499999999997,8.908478736877440,5.426793575286870,Germania
12.538200000000000,48.021700000000003,8.553788185119632,4.815292358398440,Germania
9.204300000000000,48.938000000000002,9.053344726562500,4.472097873687740,Germania
11.948800000000000,48.904200000000003,8.055888175964363,4.349385738372800,Germania
9.378700000000000,48.672699999999999,8.524919509887702,4.287361621856691,Germania
9.314500000000001,48.741599999999998,8.770942687988279,4.339386940002440,Germania
12.157100000000000,48.539800000000000,8.703711509704590,4.544483661651610,Germania
10.008300000000000,48.397100000000002,9.240938186645510,4.741042137146000,Germania
12.101599999999999,49.015200000000000,8.767900466918952,4.702867031097410,Germania
11.442600000000001,50.103099999999998,7.368937492370600,4.023553371429440,Germania
11.570100000000000,49.943600000000004,7.591238021850590,4.142258167266850,Germania
10.959300000000001,50.260599999999997,7.915251255035400,4.088178157806400,Germania
11.062300000000000,47.483199999999997,5.430129528045650,3.706624746322630,Germania
8.815799999999999,53.077199999999998,9.537762641906740,4.833595275878910,Germania
10.150700000000001,48.679400000000001,7.664149761199950,4.006033420562740,Germania
8.569400000000000,53.562500000000000,9.484977722167971,5.680526733398440,Germania
8.695100000000000,53.117699999999999,11.363552093505900,5.141812801361080,Germania
12.188300000000000,47.648499999999999,7.373176574707030,5.010795116424560,Germania
8.746300000000000,50.125300000000003,9.355217933654780,4.438687801361081,Germania
9.244000000000000,49.055100000000003,8.729445457458500,4.374660491943361,Germania
11.638299999999999,48.767099999999999,9.320478439331060,4.636142253875730,Germania
9.947699999999999,49.790500000000002,8.819863319396973,4.304205894470211,Germania
11.220200000000000,47.968800000000002,6.850830554962160,4.180438041687010,Germania
12.188700000000001,50.058199999999999,7.389302253723140,4.314518451690671,Germania
12.128100000000000,49.322000000000003,7.573295593261720,4.298788070678710,Germania
10.984700000000000,49.472200000000001,8.128539085388180,4.303815364837650,Germania
8.664600000000000,49.872300000000003,9.092588424682621,4.418525695800781,Germania
8.917000000000000,53.060000000000002,9.434459686279300,4.816461563110350,Germania
11.721600000000000,50.323200000000000,7.011781215667720,3.963103055953980,Germania
11.777799999999999,48.853200000000001,8.269127845764160,4.492667198181150,Germania
9.167299999999999,48.689999999999998,8.198719978332520,4.240485668182371,Germania
9.483400000000000,51.314200000000000,8.395531654357910,4.152286529541020,Germania
8.769299999999999,50.804299999999998,7.695761680603030,4.041699886322020,Germania
8.735099999999999,53.131700000000002,9.882818222045900,4.963992595672610,Germania
8.244999999999999,50.050300000000000,9.114728927612299,4.456456661224370,Germania
8.625500000000002,53.180900000000001,9.590904235839840,4.977084636688230,Germania
9.183999999999999,48.960500000000003,8.972629547119142,4.457950115203860,Germania
9.774600000000000,51.291800000000002,7.059288501739500,3.831185102462770,Germania
8.542500000000000,50.101799999999997,9.327184677124020,4.479151248931881,Germania
8.451499999999999,50.010300000000001,9.299789428710939,4.490233421325680,Germania
9.399400000000000,50.164400000000001,6.840034484863280,4.083505630493160,Germania
8.817299999999999,49.653500000000001,7.606838226318360,4.224958419799800,Germania
9.800300000000000,50.969999999999999,7.393098354339600,4.056076049804690,Germania
11.464399999999999,48.181699999999999,8.887415885925289,4.550441265106200,Germania
10.436600000000000,47.541100000000000,3.573745489120480,3.017173767089840,Austria
9.795800000000000,48.802399999999999,7.635410785675050,4.309436798095700,Germania
9.459400000000000,50.770400000000002,7.151035308837890,3.771022081375120,Germania
8.921600000000000,50.135800000000003,8.571627616882322,4.302780628204350,Germania
13.128900000000000,48.972400000000000,6.400755405426030,3.904348611831670,Germania
10.597700000000000,48.952199999999998,7.737087726593020,4.414522171020510,Germania
11.648000000000000,48.173200000000001,8.897131919860840,4.538509845733640,Germania
9.798000000000000,48.636699999999998,7.326551914215090,4.267202854156490,Germania
11.027900000000001,49.322699999999998,7.894332408905030,4.201659679412840,Germania
8.684400000000000,50.533000000000001,8.280273437500000,4.222490787506100,Germania
10.963500000000000,49.605899999999998,7.661282062530520,4.146999835968020,Germania
8.446099999999999,50.221899999999998,7.662327766418460,3.986217021942140,Germania
8.603400000000002,50.095500000000001,9.096919059753420,4.498737335205080,Germania
13.422000000000001,48.573599999999999,9.019580841064450,4.994316577911380,Germania
9.271200000000000,51.360799999999998,8.017019271850589,4.073076248168950,Germania
8.516800000000000,49.825200000000002,9.042410850524901,4.500796318054200,Germania
8.500600000000000,50.567200000000000,8.227808952331539,4.199397563934330,Germania
9.935900000000000,50.497700000000002,6.648659229278560,3.760005950927730,Germania
8.061000000000000,50.383200000000002,8.206454277038572,4.128689765930180,Germania
9.031800000000000,51.154800000000002,7.535715103149410,3.964823246002200,Germania
8.683600000000000,50.110799999999998,9.583358764648439,4.502686023712160,Germania
12.891200000000000,47.733400000000003,7.687343597412110,5.351021289825440,Germania
9.684900000000001,50.549999999999997,7.876372814178470,4.131608009338380,Germania
9.967900000000000,53.564100000000003,9.927388191223139,5.368662357330320,Germania
8.495100000000003,50.577900000000000,7.995562076568600,4.178711891174320,Germania
9.786199999999999,53.568100000000001,8.935202598571779,5.317194938659670,Germania
9.002000000000002,49.672499999999999,7.263351440429690,4.217610359191890,Germania
9.513600000000000,51.316600000000001,8.557630538940430,4.176947593688961,Germania
10.021200000000000,53.523299999999999,10.737625122070300,5.412206649780270,Germania
9.990600000000001,53.507899999999999,12.325138092041000,5.956371307373050,Germania
10.324999999999999,49.444099999999999,7.589979648590090,4.139174461364750,Germania
8.668600000000000,50.584099999999999,8.587886810302733,4.212812423706050,Germania
8.928200000000000,51.430900000000001,7.689733028411870,3.996536731719970,Germania
8.832200000000000,49.827800000000003,8.304351806640620,4.229469299316410,Germania
9.857200000000001,53.480899999999998,8.478161811828610,4.730998516082760,Germania
10.083600000000001,53.487699999999997,9.336898803710939,5.336815834045410,Germania
9.832700000000001,53.532100000000000,12.921234130859400,7.431727409362790,Germania
8.641999999999999,49.643200000000000,8.445301055908200,4.316399097442630,Germania
8.537800000000002,50.094600000000000,9.389882087707520,4.482137680053710,Germania
12.064700000000000,53.817799999999998,6.898624420166020,3.909878015518190,Germania
10.053900000000001,53.592300000000002,9.798706054687500,5.063846588134770,Germania
8.241500000000000,50.048200000000001,9.256304740905760,4.457883358001710,Germania
9.997999999999999,53.638300000000001,9.263648986816410,5.189356327056880,Germania
10.102800000000000,53.538499999999999,9.392760276794430,4.961381435394290,Germania
13.266400000000001,53.559800000000003,7.113409042358400,3.941975355148320,Germania
8.424400000000000,49.995600000000003,9.162474632263180,4.504337310791020,Germania
14.257400000000001,53.520499999999998,7.007076263427730,3.821689367294310,Germania
10.110600000000000,53.630699999999997,8.961617469787599,4.844558238983150,Germania
12.174099999999999,54.161600000000000,7.011800289154050,4.116288661956790,Germania
12.099600000000001,54.092599999999997,7.235087394714360,4.139730930328370,Germania
11.398300000000001,53.631799999999998,7.599486351013180,4.234368324279790,Germania
12.175500000000000,53.781799999999997,7.232827186584470,4.025724411010741,Germania
12.141999999999999,54.092300000000002,7.315196514129640,4.065785884857181,Germania
11.373300000000000,53.307400000000001,7.248026371002200,4.043712615966801,Germania
12.080000000000000,54.171300000000002,6.961757659912110,4.157531261444090,Germania
13.081000000000000,54.319200000000002,6.643977642059330,3.964008331298830,Germania
10.481299999999999,51.901600000000002,7.165017127990720,3.920074462890620,Germania
8.623100000000003,49.682699999999997,8.331671714782710,4.307935714721680,Germania
10.473599999999999,52.226900000000001,9.274008750915529,4.427976608276370,Germania
8.090600000000000,53.596200000000003,8.456793785095210,4.962803363800050,Germania
8.052899999999999,52.255299999999998,10.152402877807599,4.926551342010500,Germania
13.342100000000000,54.323500000000003,6.561150550842290,3.864735126495360,Germania
7.317500000000000,52.498600000000003,9.317181587219240,5.069573402404790,Germania
10.816400000000000,52.440800000000003,8.337422370910639,4.207335948944090,Germania
10.238500000000000,51.507599999999996,7.901960372924800,3.970351457595830,Germania
9.715500000000000,52.359499999999997,9.052202224731440,4.329518795013431,Germania
7.214000000000000,53.715299999999999,7.754410266876220,5.032980442047120,Germania
7.207300000000000,53.362299999999998,8.719927787780760,5.243421077728270,Germania
10.612500000000001,51.758200000000002,5.733000755310060,3.634834051132200,Germania
10.422800000000001,51.613700000000001,7.147418975830080,3.830897569656370,Germania
8.801200000000000,53.830199999999998,8.168830871582029,4.966687202453610,Germania
7.569800000000000,51.592199999999998,9.692824363708500,4.725800037384030,Germania
9.928300000000000,51.530200000000001,8.208062171936040,4.037822723388670,Germania
10.540600000000000,52.266700000000000,8.919801712036129,4.251357555389400,Germania
9.554600000000001,51.708799999999997,7.568346023559570,3.921937227249150,Germania
11.167100000000000,52.957000000000001,7.974726200103760,4.185101032257080,Germania
9.949800000000000,51.551099999999998,8.283219337463382,4.064130783081050,Germania
9.367000000000001,52.103999999999999,8.589898109436040,4.267275810241700,Germania
8.212100000000000,53.142800000000001,9.553339958190920,5.060774803161620,Germania
9.062600000000000,52.170200000000001,8.937947273254389,4.377966403961180,Germania
7.942600000000000,52.997999999999998,9.108228683471680,4.985056400299070,Germania
7.457400000000000,51.536900000000003,10.074142456054700,4.752795696258540,Germania
10.456500000000000,53.247000000000000,8.077994346618652,4.294333934783940,Germania
9.622999999999999,52.829400000000000,8.181428909301760,4.339988708496090,Germania
9.718999999999999,52.347600000000000,8.746978759765620,4.324268341064450,Germania
9.950200000000001,52.150799999999997,8.881470680236820,4.285033702850340,Germania
10.455900000000000,52.153700000000001,12.222671508789100,4.939957618713380,Germania
7.331400000000000,51.641399999999997,10.402968406677200,4.949770450592040,Germania
13.779299999999999,54.053199999999997,6.549865245819090,3.874234199523930,Germania
8.499900000000000,53.509200000000000,8.878451347351072,5.149277210235600,Germania
6.748400000000000,51.524000000000001,16.648345947265600,6.710573196411130,Germania
10.793699999999999,52.427900000000001,8.976506233215330,4.291316032409670,Germania
12.463900000000001,53.396299999999997,7.132465362548830,3.974458217620850,Germania
8.191900000000000,50.930300000000003,7.003834724426270,4.028018474578860,Germania
6.976900000000000,51.526000000000003,13.505172729492200,5.479428291320800,Germania
7.030500000000000,51.451200000000000,10.830981254577599,5.126245021820070,Germania
6.195800000000000,51.326900000000002,9.579576492309570,5.342192649841310,Germania
6.469300000000000,50.883499999999998,8.236766815185550,4.528649330139160,Germania
6.884600000000000,51.019300000000001,9.621771812438960,4.815674304962160,Germania
6.874500000000000,51.862000000000002,10.123886108398400,5.302551746368410,Germania
6.281000000000000,50.653199999999998,6.610638618469240,4.298784732818600,Germania
6.763000000000000,51.385300000000001,14.590987205505400,5.860666751861570,Germania
9.685000000000000,53.524200000000000,8.831119537353519,4.967723369598390,Germania
6.985100000000000,50.889899999999997,9.869631767272949,4.677205562591550,Germania
7.005000000000000,51.028900000000000,9.686730384826660,4.754040718078610,Germania
7.052600000000000,51.183799999999998,9.765897750854490,4.726494789123540,Germania
8.548400000000003,52.023200000000003,9.457023620605471,4.533286094665530,Germania
8.148000000000000,51.570700000000002,8.711415290832520,4.283357620239260,Germania
6.670200000000000,51.342599999999997,10.055667877197299,5.079893589019780,Germania
7.101900000000000,51.533600000000000,10.680131912231399,5.048981189727780,Germania
6.873800000000000,50.876199999999997,9.085041046142580,4.655633926391600,Germania
6.782500000000000,51.213200000000001,10.478354454040501,5.004498004913330,Germania
7.611600000000000,51.936500000000002,10.183374404907200,4.967096805572510,Germania
6.557400000000000,51.307600000000001,10.084781646728500,5.128517150878910,Germania
6.981000000000000,51.496499999999997,11.859094619751000,5.260955333709720,Germania
6.410000000000000,51.182400000000001,9.225350379943849,4.947173118591310,Germania
7.182000000000000,51.177999999999997,9.188632011413571,4.690950870513920,Germania
7.208600000000000,51.402999999999999,9.822220802307131,4.863126754760740,Germania
6.692500000000000,51.194000000000003,9.447578430175779,4.959527015686040,Germania
7.097100000000000,50.722600000000000,8.588549613952640,4.533048629760740,Germania
6.865100000000000,51.453499999999998,11.169331550598100,5.284626007080080,Germania
6.093800000000000,50.754700000000000,8.451795578002930,4.837418556213380,Germania
7.295400000000000,51.575099999999999,10.588034629821800,4.997099876403810,Germania
7.463600000000000,51.362800000000000,9.615775108337401,4.628747940063480,Germania
7.147400000000000,51.260700000000000,9.899271965026861,4.771492958068850,Germania
7.186100000000000,51.482500000000002,10.478977203369100,5.004174709320070,Germania
6.771900000000000,51.437700000000000,12.311729431152299,5.603384017944340,Germania
7.582300000000000,51.448799999999999,9.206366539001460,4.642123699188230,Germania
6.975600000000000,50.849100000000000,8.892700195312500,4.640284538269040,Germania
6.819900000000000,51.303400000000003,9.803021430969240,5.058082103729250,Germania
6.977900000000000,50.938299999999998,9.848032951354980,4.741782188415530,Germania
8.360799999999999,51.442999999999998,6.975802421569820,3.830482721328740,Germania
7.502500000000000,51.503999999999998,9.751225471496580,4.728290081024170,Germania
7.084600000000000,51.527900000000002,11.813552856445300,5.240697383880620,Germania
6.629700000000000,51.672899999999998,10.004047393798800,5.244822502136230,Germania
7.231900000000000,51.277600000000000,9.884215354919430,4.750264644622800,Germania
7.523000000000000,51.608499999999999,10.261611938476600,4.780130863189700,Germania
6.965600000000000,51.406799999999997,10.988998413085900,5.139331817626950,Germania
8.744100000000000,51.714599999999997,8.901013374328610,4.304945945739750,Germania
7.001200000000000,51.388100000000001,9.995290756225589,5.012931346893310,Germania
6.899500000000000,50.995199999999997,9.673905372619631,4.764074802398680,Germania
6.752300000000000,51.467900000000000,13.366800308227500,5.841556549072270,Germania
7.082700000000000,50.753599999999999,8.780061721801760,4.569797515869140,Germania
7.017900000000000,51.614899999999999,11.246132850646999,5.267837524414060,Germania
6.469500000000000,51.097600000000000,9.111818313598629,4.845964908599850,Germania
7.004300000000000,51.440199999999997,10.272689819335900,5.057344436645510,Germania
7.047500000000000,50.970399999999998,9.759365081787109,4.670885086059570,Germania
8.020799999999999,50.875700000000002,7.673750877380370,4.039186000823970,Germania
6.559500000000000,51.063800000000001,8.951415061950680,4.770155429840090,Germania
7.619400000000000,51.953299999999999,10.415656089782701,4.985494136810300,Germania
6.451500000000000,51.033799999999999,8.765890121459959,4.720439434051510,Germania
6.896000000000000,51.441099999999999,11.013078689575201,5.256111621856690,Germania
7.662700000000000,51.588700000000003,9.715052604675289,4.652967453002930,Germania
7.693800000000000,51.547499999999999,9.622057914733890,4.687746047973630,Germania
8.273999999999999,49.994999999999997,9.116303443908690,4.496029376983640,Germania
8.334700000000000,51.611699999999999,8.599441528320312,4.278517246246340,Germania
7.809700000000000,51.689300000000003,9.457053184509279,4.667619228363040,Germania
7.201500000000000,51.613500000000002,10.734434127807599,5.022277355194090,Germania
7.193400000000000,49.740900000000003,6.508829593658450,4.190824508666991,Germania
7.122700000000000,51.698999999999998,10.653887748718301,5.095568180084230,Germania
6.833200000000000,51.240800000000000,9.759749412536619,4.894390106201170,Germania
6.978800000000000,51.250000000000000,10.237416267395000,4.925671577453610,Germania
7.826400000000000,49.270299999999999,6.676953792572020,4.056960105896000,Germania
6.646700000000000,49.754199999999997,7.665529727935790,4.322027206420900,Germania
6.740500000000000,51.564700000000002,11.391113281250000,5.470725059509280,Germania
7.596600000000000,50.354399999999998,8.843437194824222,4.449193954467770,Germania
6.378100000000000,50.266500000000001,6.556747436523440,4.137831687927250,Germania
7.643100000000000,51.227600000000002,8.431068420410160,4.210723400115971,Germania
6.693500000000000,51.200800000000001,9.597140312194821,4.978129863739010,Germania
7.866200000000000,49.841200000000001,8.082228660583500,4.262139797210690,Germania
7.767300000000000,49.445999999999998,7.336656570434570,4.194753646850591,Germania
7.481400000000000,50.424700000000001,8.786797523498540,4.419857978820800,Germania
7.344300000000000,51.320599999999999,9.489979743957520,4.596815586090090,Germania
7.729900000000000,50.424300000000002,7.295210361480710,3.965620517730710,Germania
8.364800000000002,49.628799999999998,9.032472610473629,4.521153450012210,Germania
6.232600000000000,50.764800000000001,8.090847969055179,4.474393367767331,Germania
7.973500000000000,50.766800000000003,7.074659347534180,3.896374225616460,Germania
6.641600000000000,51.267099999999999,9.647268295288089,4.951910018920900,Germania
7.293500000000000,49.423099999999998,7.930611610412600,4.476750373840331,Germania
7.652100000000000,50.275100000000002,7.638999462127680,3.988724946975710,Germania
8.253500000000003,49.052300000000002,9.440822601318359,4.932063102722170,Germania
8.423000000000000,49.351100000000002,9.243075370788571,4.691723346710210,Germania
7.285800000000000,50.932800000000000,8.649427413940430,4.523880481719970,Germania
6.835300000000000,50.938099999999999,9.249423980712891,4.680809020996090,Germania
7.375300000000000,50.699399999999997,8.193945884704590,4.375191211700441,Germania
9.549400000000000,54.527299999999997,7.651835441589360,4.604083538055420,Germania
10.240600000000001,54.093200000000003,7.840313434600830,4.474936008453370,Germania
7.750200000000000,51.610700000000001,9.662779808044430,4.635380268096920,Germania
9.585900000000001,53.670600000000000,8.731619834899902,5.019101142883300,Germania
6.494600000000000,50.804200000000002,8.271470069885250,4.627996921539310,Germania
10.775800000000000,53.698900000000002,7.952098846435550,4.363780975341801,Germania
8.355300000000000,49.533299999999997,9.020456314086911,4.532472610473630,Germania
10.673299999999999,53.862200000000001,8.357006072998050,4.451904296875000,Germania
7.614600000000000,49.192000000000000,7.019172668457030,4.354094505310061,Germania
7.471000000000000,51.613999999999997,10.196871757507299,4.862619400024410,Germania
6.527300000000000,51.481800000000000,10.069248199462900,5.229754924774170,Germania
6.733500000000000,49.357900000000001,10.889955520629901,5.098227500915530,Germania
10.116600000000000,54.309699999999999,7.755788803100590,4.559459209442140,Germania
7.210400000000000,51.511200000000002,10.327177047729499,4.950543403625490,Germania
9.997299999999999,53.682000000000002,8.788284301757812,5.014953613281250,Germania
6.160500000000000,51.872399999999999,9.951282501220700,5.719852924346920,Germania
6.867700000000000,49.254300000000001,8.324913978576660,4.736263751983640,Germania
7.055700000000000,50.883699999999997,9.644702911376950,4.654046535491940,Germania
9.156900000000000,53.896099999999997,8.722238540649412,5.318446636199950,Germania
7.021800000000000,51.592500000000001,11.740447044372599,5.285830974578860,Germania
12.493100000000000,51.125000000000000,8.319123268127440,4.255621433258060,Germania
12.917299999999999,50.832500000000003,8.334781646728519,4.328414440155030,Germania
14.974000000000000,51.155799999999999,9.134106636047360,4.695014476776120,Germania
9.438100000000000,54.781399999999998,7.265789985656740,4.513580322265620,Germania
6.552000000000000,49.416899999999998,7.992887496948240,4.606618404388430,Germania
12.468700000000000,50.354799999999997,6.509712696075440,3.956511974334720,Germania
12.377200000000000,51.344200000000001,8.904043197631839,4.279520988464360,Germania
10.695900000000000,53.835500000000003,8.113739967346190,4.454379558563230,Germania
6.264200000000000,50.820599999999999,8.266630172729490,4.530561923980710,Germania
7.226200000000000,50.330199999999998,7.949223518371580,4.222027778625490,Germania
8.361000000000002,52.061500000000002,9.522253990173340,4.665893077850340,Germania
14.822800000000001,50.892400000000002,9.567627906799320,5.053541660308840,Germania
6.753600000000000,49.322600000000001,9.529915809631349,4.894906520843510,Germania
12.997299999999999,50.570900000000002,7.145554542541500,4.294888973236081,Germania
13.465100000000000,50.659100000000002,7.714924812316890,4.441249370574951,Germania
6.687100000000000,49.263900000000000,8.343812942504879,4.940597057342530,Germania
13.751500000000000,50.731499999999997,7.972924232482910,4.569152832031250,Germania
6.997700000000000,51.569899999999997,12.142735481262200,5.374484539031980,Germania
12.611100000000000,50.431300000000000,6.224928379058840,4.039336204528811,Germania
13.346800000000000,50.916300000000000,8.057192802429199,4.178762435913091,Germania
9.511799999999999,53.927999999999997,8.197930335998540,4.744957447052000,Germania
6.969200000000000,51.119999999999997,10.183725357055700,4.871043205261230,Germania
7.337300000000000,51.438200000000002,9.441890716552731,4.647416591644290,Germania
12.138100000000000,50.486100000000000,7.646383285522460,4.091233730316161,Germania
13.675000000000001,51.119500000000002,8.265751838684080,4.367259979248051,Germania
13.741400000000001,51.064900000000002,9.113925933837891,4.548231601715090,Germania
7.061700000000000,49.299399999999999,8.137922286987299,4.625555515289310,Germania
6.863400000000000,51.368099999999998,10.811381340026900,5.149637222290040,Germania
12.542100000000000,50.826000000000001,8.049481391906740,4.090847969055180,Germania
12.297400000000000,51.317900000000002,8.868860244750980,4.310492515563961,Germania
13.731600000000000,51.026299999999999,8.894736289978029,4.530520439147950,Germania
7.003200000000000,49.230699999999999,8.487317085266110,4.823898315429690,Germania
14.443800000000000,51.175699999999999,8.414463996887212,4.385174274444580,Germania
13.009399999999999,51.303800000000003,8.258946418762212,4.318302631378171,Germania
8.603500000000000,54.327800000000003,7.084430694580080,4.691193103790280,Germania
12.004500000000000,51.485300000000002,8.612089157104490,4.227419376373290,Germania
11.983400000000000,51.475200000000001,8.584653854370123,4.189402103424070,Germania
7.263400000000000,49.362000000000002,7.944263935089110,4.361421585083010,Germania
11.864800000000001,52.268400000000000,7.742878913879400,3.979889392852780,Germania
11.739000000000001,51.803500000000000,8.539484977722170,4.160438060760500,Germania
12.302899999999999,51.651200000000003,7.955644130706790,4.188923835754390,Germania
11.172300000000000,52.593100000000000,7.622171401977540,4.035802841186520,Germania
12.486599999999999,50.720399999999998,7.857279777526860,4.173052310943600,Germania
10.317200000000000,50.978299999999997,7.628098011016850,3.988064289093020,Germania
11.057399999999999,51.896999999999998,7.467370033264160,3.859322071075440,Germania
12.211100000000000,50.608100000000000,7.652766704559330,4.123989105224611,Germania
12.141299999999999,51.054600000000001,8.375562667846680,4.146906375885010,Germania
11.215999999999999,54.412999999999997,6.877195358276370,4.226089954376220,Germania
12.032100000000000,51.321399999999997,8.669929504394529,4.180450439453120,Germania
11.961000000000000,51.197200000000002,8.338518142700202,4.124124526977540,Germania
11.043400000000000,51.662399999999998,6.461648464202880,3.559673309326170,Germania
14.749700000000001,51.285400000000003,8.004281997680662,4.262035369873051,Germania
11.631200000000000,52.131200000000000,8.236526489257812,4.076557636260990,Germania
12.953500000000000,50.428500000000000,6.662724018096920,3.974064826965330,Germania
11.368900000000000,50.651200000000003,7.006619453430180,3.880508184432980,Germania
12.244800000000000,51.840600000000002,7.937878131866460,4.006276130676271,Germania
12.437600000000000,50.987800000000000,8.359666824340820,4.178876876831050,Germania
11.037900000000000,50.979500000000002,8.029279708862299,3.982870817184450,Germania
10.214900000000000,53.570599999999999,8.873920440673830,4.733356952667240,Germania
12.205200000000000,50.655900000000003,7.449936389923100,4.149439334869381,Germania
12.598300000000000,51.867500000000000,7.884418487548830,4.164999961853030,Germania
12.425700000000001,51.375999999999998,8.767922401428223,4.248780250549320,Germania
6.759500000000000,51.184399999999997,10.073265075683601,4.968224048614500,Germania
11.891400000000001,51.837299999999999,8.331308364868162,4.185838699340821,Germania
11.449500000000000,51.759500000000003,8.056350708007812,3.994235277175900,Germania
10.790100000000001,51.839399999999998,6.397591590881350,3.753404617309570,Germania
12.074900000000000,50.877899999999997,7.666157245635990,4.016821384429930,Germania
10.668600000000000,50.653199999999998,6.600433826446530,3.751568555831910,Germania
11.983000000000001,51.387300000000003,8.792888641357420,4.228778362274170,Germania
10.375299999999999,50.561799999999998,7.152900218963620,3.914487361907960,Germania
12.663700000000000,51.870899999999999,8.147954940795900,4.095304012298581,Germania
10.867200000000000,51.333300000000001,7.589848041534420,3.875889301300050,Germania
11.091100000000001,51.456099999999999,7.860729694366460,4.061113834381100,Germania
10.791399999999999,51.497199999999999,8.038387298583983,4.106736183166501,Germania
11.850300000000001,52.602100000000000,7.611942768096920,3.995123147964480,Germania
11.597099999999999,50.933500000000002,7.816435813903810,4.116116523742680,Germania
11.134600000000001,50.500000000000000,6.307332038879390,3.734205484390260,Germania
10.693099999999999,50.611499999999999,7.025043010711670,3.780614614486690,Germania
11.326100000000000,50.977499999999999,7.778084754943850,3.973168134689330,Germania
10.769399999999999,50.654600000000002,6.311441898345950,3.681711435317990,Germania
8.308000000000000,54.923099999999998,5.881287574768070,4.407368183135990,Germania
7.904000000000000,47.912900000000000,4.802178382873540,3.944358110427860,Germania
23.727599999999999,37.988100000000003,10.982394218444799,7.932291507720950,Grecia
23.538399999999999,38.051299999999998,8.944765090942379,7.129836082458500,Grecia
22.414500000000000,39.635500000000000,9.756576538085939,6.727734565734860,Grecia
22.876100000000001,40.739800000000002,9.846397399902340,6.889332294464110,Grecia
11.661199999999999,50.791600000000003,6.721834659576420,3.753106117248540,Germania
10.756100000000000,52.800899999999999,7.683021545410160,4.112465858459470,Germania
13.032299999999999,53.142299999999999,6.224898338317870,3.665145397186280,Germania
23.713000000000001,37.932000000000002,10.082762718200700,7.914246559143070,Grecia
23.688400000000001,38.020800000000001,10.033216476440399,7.919073104858400,Grecia
23.031700000000001,40.588900000000002,7.780857086181640,5.825264453887940,Grecia
22.945100000000000,40.633699999999997,11.277515411376999,7.645395278930660,Grecia
22.893200000000000,40.673499999999997,11.421095848083500,7.297900676727290,Grecia
22.958600000000001,40.578699999999998,9.187035560607910,6.588478088378910,Grecia
12.725000000000000,54.436799999999998,6.282742023468020,3.914484739303590,Germania
10.465800000000000,51.208500000000001,8.047161102294920,4.016839981079100,Germania
12.234100000000000,51.396099999999997,9.038844108581539,4.298969745635990,Germania
23.879000000000001,37.901299999999999,9.097051620483400,7.327019691467290,Grecia
21.738199999999999,38.253100000000003,7.398131847381590,6.467782974243160,Grecia
13.420600000000000,48.947600000000001,5.386248588562010,3.874920129776000,Germania
22.942900000000002,39.366700000000002,8.647051811218260,6.335161685943600,Grecia
23.787400000000002,38.030799999999999,10.375500679016101,7.671425342559810,Grecia
21.734500000000001,38.246499999999997,7.989662170410160,6.567674636840820,Grecia
23.819400000000002,37.995100000000001,8.823924064636230,7.258376598358150,Grecia
23.697800000000001,38.076700000000002,9.283772468566900,7.532470226287840,Grecia
23.758199999999999,38.143500000000003,8.348669052124020,6.794839382171630,Grecia
23.789000000000001,38.067799999999998,9.515277862548830,7.360523223876950,Grecia
18.960000000000001,47.561900000000001,12.253332138061500,7.336087226867680,Ungheria
23.645199999999999,37.944699999999997,13.062810897827100,10.435651779174799,Grecia
18.746099999999998,47.789999999999999,10.703010559081999,6.499866485595700,Ungheria
-10.240800000000000,51.938099999999999,2.852954387664790,3.088583230972290,Irlanda
23.110299999999999,38.375300000000003,6.059489727020260,5.357627868652340,Grecia
20.852200000000000,39.652799999999999,8.724784851074222,6.435514450073240,Grecia
18.936100000000000,46.976100000000002,11.269987106323200,6.887969017028810,Ungheria
16.838899999999999,47.671900000000001,9.623399734497070,5.880258083343510,Ungheria
-8.475000000000000,51.911099999999998,4.006467342376710,3.549276590347290,Irlanda
19.028099999999998,47.508099999999999,13.635320663452100,7.926563739776610,Ungheria
18.032499999999999,46.732799999999997,9.247511863708500,5.872871398925780,Ungheria
19.146100000000001,47.541899999999998,13.501514434814499,7.964667797088620,Ungheria
20.153099999999998,46.266599999999997,10.528594017028800,6.657349109649660,Ungheria
16.574999999999999,47.691899999999997,9.570842742919920,5.886017799377440,Ungheria
19.550000000000001,46.966700000000003,9.583916664123540,6.087356567382810,Ungheria
19.087800000000001,47.491900000000001,13.560964584350600,7.878446102142330,Ungheria
19.688800000000001,46.902299999999997,10.453205108642599,6.453856468200680,Ungheria
-6.278100000000000,53.353900000000003,4.392122268676760,3.663105964660640,Irlanda
17.556699999999999,47.105300000000000,9.660908699035639,5.945295810699460,Ungheria
21.624400000000001,47.513300000000001,12.360570907592800,7.458248615264890,Ungheria
17.649699999999999,47.676099999999998,11.604576110839799,6.896358489990230,Ungheria
20.616399999999999,48.247199999999999,10.240425109863301,6.315646648406980,Ungheria
20.789999999999999,48.106900000000003,10.968067169189499,6.532930850982670,Ungheria
-9.904400000000001,53.326700000000002,3.166216850280760,3.469121932983400,Irlanda
-6.352300000000000,53.340499999999999,4.747242450714110,3.724956989288330,Irlanda
21.705800000000000,47.961100000000002,10.791355133056600,6.587800025939940,Ungheria
18.211099999999998,46.080300000000001,10.898325920105000,6.737863540649410,Ungheria
19.184200000000001,47.430799999999998,12.587757110595700,7.547537803649900,Ungheria
18.420800000000000,47.557200000000002,12.386877059936500,7.202792644500730,Ungheria
18.920000000000002,47.306699999999999,11.750402450561500,7.061492919921880,Ungheria
21.211700000000000,48.473900000000000,8.555691719055179,5.577976226806640,Ungheria
17.901100000000000,47.091099999999997,11.037988662719700,6.475919723510740,Ungheria
20.048100000000002,47.765000000000001,9.134799957275391,5.780927658081050,Ungheria
-14.162500000000000,65.030299999999997,2.117738008499150,2.370101213455200,Islanda
-14.047599999999999,65.040099999999995,7.770360946655270,5.221683502197270,Islanda
19.985399999999998,46.463900000000002,9.987856864929199,6.343247413635250,Ungheria
16.608100000000000,47.238300000000002,11.515748023986800,6.737492561340330,Ungheria
17.902799999999999,47.107500000000002,10.310628890991200,6.432178497314450,Ungheria
-7.288700000000000,53.036099999999998,3.709609746932980,3.310812234878540,Irlanda
-6.172600000000000,53.368800000000000,4.107255458831790,3.636960983276370,Irlanda
-6.570800000000000,52.498500000000000,3.828537225723270,3.475579023361210,Irlanda
20.703099999999999,48.218100000000000,10.606243133544901,6.392229080200200,Ungheria
-6.232400000000000,53.306199999999997,4.692651271820070,3.767100811004640,Irlanda
-8.591900000000003,52.503500000000003,3.224010705947880,3.119180202484130,Irlanda
-9.012700000000001,53.703899999999997,2.823339462280270,2.886627674102780,Irlanda
-7.268100000000000,52.638800000000003,3.705895423889160,3.319513320922850,Irlanda
9.643900000000000,45.690300000000001,25.830158233642599,13.663084983825700,Italia
-6.883100000000000,54.066099999999999,3.673398733139040,3.276559114456180,Irlanda
10.859100000000000,46.619500000000002,3.962218284606930,3.295381069183350,Italia
9.235799999999999,45.478299999999997,27.534177780151399,15.087114334106399,Italia
11.944000000000001,46.797400000000003,6.771283626556400,4.883996486663820,Italia
11.340000000000000,46.495500000000000,14.992674827575700,8.493023872375490,Italia
9.274400000000000,45.581099999999999,26.836309432983398,14.311086654663100,Italia
9.105300000000000,45.432200000000002,26.642320632934599,13.985619544982899,Italia
18.927199999999999,47.239699999999999,10.862583160400400,6.725964069366460,Ungheria
9.611499999999999,45.620600000000003,26.770914077758800,13.608232498168899,Italia
11.161600000000000,46.661999999999999,8.075474739074712,5.380254268646240,Italia
-6.369900000000000,53.385599999999997,4.521426677703860,3.680853605270390,Irlanda
-6.131900000000000,53.285800000000002,3.735692977905270,3.380063772201540,Irlanda
8.892500000000000,45.467500000000001,26.390771865844702,13.506070137023899,Italia
-6.358800000000000,53.280500000000004,4.061942100524900,3.428775072097780,Irlanda
9.198100000000000,45.469700000000003,26.525030136108398,13.988883972168001,Italia
11.039400000000001,45.892400000000002,13.587458610534700,8.144898414611820,Italia
10.223599999999999,45.540799999999997,24.951480865478501,12.700901031494100,Italia
9.327500000000001,45.482799999999997,27.989231109619102,14.928294181823700,Italia
9.591400000000000,45.518300000000004,29.481031417846701,15.772424697876000,Italia
11.453900000000001,46.051800000000000,6.165946006774900,4.930671691894530,Italia
10.200799999999999,45.655000000000001,13.968856811523400,9.120747566223139,Italia
10.299400000000000,45.248899999999999,27.089220046997099,13.321004867553700,Italia
-8.954200000000000,52.639200000000002,3.171058177948000,3.054547309875490,Irlanda
-8.457100000000002,51.881900000000002,4.048004150390620,3.560727357864380,Irlanda
10.385800000000000,45.639400000000002,14.341201782226600,9.092811584472660,Italia
10.480800000000000,45.463299999999997,25.705522537231399,13.216409683227500,Italia
-6.222400000000000,53.274799999999999,3.830761194229130,3.556074380874630,Irlanda
9.282800000000000,45.395299999999999,26.876567840576200,14.218523979186999,Italia
-9.299700000000000,53.851100000000002,2.799952507019040,2.909198522567750,Irlanda
11.340100000000000,46.434800000000003,12.147025108337401,7.700968265533450,Italia
-14.241899999999999,65.030400000000000,1.745767235755920,2.147702217102050,Islanda
-9.049200000000001,53.281700000000001,3.215957164764400,3.092711210250850,Irlanda
9.556400000000000,45.497500000000002,30.615865707397500,16.045351028442401,Italia
-6.121700000000000,53.187199999999997,3.732109546661380,3.358355998992920,Irlanda
9.156900000000000,45.660800000000002,24.772752761840799,13.184859275817900,Italia
10.844500000000000,45.891500000000001,14.136247634887701,8.420129776000980,Italia
10.177500000000000,45.873899999999999,10.158770561218301,6.715794086456300,Italia
17.451100000000000,46.885300000000001,9.769950866699221,6.046650409698490,Ungheria
11.621100000000000,46.679200000000002,7.023912906646730,4.999887943267820,Italia
11.070800000000000,44.996899999999997,23.611803054809599,13.236653327941900,Italia
11.126200000000001,46.062899999999999,13.868317604064901,8.237795829772949,Italia
10.958000000000000,46.082500000000003,9.183916091918940,5.916818618774410,Italia
9.236400000000000,45.533900000000003,26.854423522949201,14.691369056701699,Italia
9.044700000000001,45.522500000000001,26.227779388427699,14.461945533752401,Italia
11.227100000000000,46.267299999999999,9.455714225769039,6.519737243652340,Italia
11.110200000000001,46.104300000000002,12.626801490783700,7.881011962890620,Italia
9.276100000000000,45.602200000000003,26.067985534668001,13.757113456726101,Italia
11.113400000000000,46.196800000000003,11.703365325927701,7.565415859222410,Italia
11.433199999999999,46.589700000000001,5.952013015747070,4.646900177001950,Italia
11.654100000000000,46.714900000000000,6.730957031250000,4.727174282073970,Italia
8.927400000000000,44.418199999999999,13.395676612854000,9.075469970703120,Italia
9.466699999999999,45.683300000000003,25.500459671020501,13.478384971618700,Italia
8.736700000000003,45.525799999999997,24.733787536621101,13.493423461914100,Italia
-7.791400000000000,53.725600000000000,3.265303850173950,3.069776535034180,Irlanda
10.313100000000000,45.504700000000000,23.294221878051800,11.778368949890099,Italia
8.951000000000002,44.573999999999998,10.375109672546399,7.048087120056150,Italia
8.901400000000002,44.462699999999998,12.263127326965300,8.492934226989750,Italia
8.905600000000000,45.101700000000001,21.594686508178700,11.609644889831500,Italia
10.691900000000000,45.410800000000002,26.012519836425799,13.182944297790501,Italia
8.991500000000000,44.394900000000000,12.414040565490700,8.994015693664553,Italia
11.204400000000000,45.051400000000001,24.079933166503899,12.882166862487800,Italia
8.848599999999999,45.546700000000001,26.863811492919901,14.095577239990201,Italia
10.016700000000000,45.132800000000003,24.576049804687500,13.328677177429199,Italia
8.914999999999999,45.040799999999997,18.255331039428700,10.735539436340300,Italia
9.164700000000000,45.193899999999999,22.218643188476602,12.678587913513200,Italia
12.857799999999999,42.404699999999998,7.955020904541020,6.137868881225590,Italia
9.496900000000000,45.913100000000000,10.440419197082500,8.105324745178223,Italia
10.795600000000000,45.160600000000002,26.604803085327099,14.233996391296399,Italia
9.083600000000001,45.804400000000001,18.422115325927699,10.355764389038100,Italia
9.940300000000001,45.148299999999999,24.035343170166001,13.515399932861300,Italia
12.469600000000000,41.947400000000002,12.815081596374499,8.761229515075680,Italia
8.754700000000000,45.281100000000002,23.062627792358398,13.193944931030300,Italia
12.109200000000000,42.422100000000000,9.347366333007811,6.944899559021000,Italia
9.286099999999999,46.015799999999999,10.299683570861800,7.206913948059080,Italia
9.395799999999999,45.849400000000003,19.003549575805700,10.441409111022899,Italia
13.265599999999999,41.687899999999999,9.939148902893070,6.973693370819090,Italia
21.491199999999999,47.677300000000002,9.879713058471680,6.252741813659670,Ungheria
11.909000000000001,42.157899999999998,7.546673774719240,6.468070983886720,Italia
8.830399999999999,44.427399999999999,12.984910964965801,8.824402809143070,Italia
10.803300000000000,45.144399999999997,26.298431396484400,14.516873359680201,Italia
9.125800000000000,45.727200000000003,22.952184677123999,12.270888328552200,Italia
8.834500000000000,45.582900000000002,26.105518341064499,14.025410652160600,Italia
8.820300000000000,45.816899999999997,19.614055633544901,10.480769157409700,Italia
9.323600000000001,44.314900000000002,7.791749954223630,6.498869895935060,Italia
9.385000000000000,46.137200000000000,9.745108604431151,6.751513481140140,Italia
9.705000000000000,45.367199999999997,30.261400222778299,14.858577728271500,Italia
9.009399999999999,45.000300000000003,16.448541641235401,10.223813056945801,Italia
9.222600000000000,44.351700000000001,7.039117813110350,6.297580718994140,Italia
9.184900000000001,44.564700000000002,5.345915794372560,5.725964546203610,Italia
10.824199999999999,45.157200000000003,26.751293182373001,14.773087501525900,Italia
9.024200000000000,45.626899999999999,24.802873611450199,13.091096878051800,Italia
9.864200000000000,45.284700000000001,27.484609603881800,15.520022392272899,Italia
12.568700000000000,41.857700000000001,13.940830230712900,9.012384414672850,Italia
11.802500000000000,42.091600000000000,7.936075687408450,7.005987644195560,Italia
12.658500000000000,41.929499999999997,12.711842536926300,8.480568885803223,Italia
12.962100000000000,42.572600000000001,5.378466606140140,4.803799152374270,Italia
13.004099999999999,41.730400000000003,12.078532218933100,7.776743888854980,Italia
13.349000000000000,41.639600000000002,11.941773414611800,7.914627075195310,Italia
12.266299999999999,41.889499999999998,10.682772636413601,7.864552497863770,Italia
13.830700000000000,41.488500000000002,10.657906532287599,7.327250003814700,Italia
8.873799999999999,44.518599999999999,12.683596611022899,8.312158584594730,Italia
-7.196400000000000,53.106900000000003,3.673664093017580,3.332271337509160,Irlanda
12.413200000000000,42.301800000000000,11.330681800842299,7.662024974823000,Italia
13.570499999999999,41.223100000000002,9.689268112182621,7.353174209594730,Italia
12.506900000000000,41.932899999999997,13.175744056701699,8.707878112792972,Italia
13.338699999999999,41.571599999999997,12.743058204650900,8.372235298156740,Italia
12.891700000000000,41.451099999999997,12.498647689819300,8.376749992370613,Italia
10.372500000000000,46.470300000000002,4.089585781097411,3.712483882904050,Italia
8.750000000000000,45.616700000000002,24.318552017211900,13.284676551818800,Italia
8.845800000000002,45.304400000000001,24.587831497192401,13.610209465026900,Italia
11.798299999999999,42.099299999999999,8.711981773376460,7.131006717681880,Italia
14.702400000000001,40.710999999999999,13.695711135864300,9.192051887512211,Italia
14.378100000000000,41.045900000000003,14.431323051452599,9.374613761901861,Italia
14.824600000000000,40.835500000000003,8.839746475219730,7.052608489990230,Italia
14.298700000000000,40.914600000000000,15.659674644470201,10.300652503967299,Italia
12.475400000000000,41.893999999999998,13.558157920837401,8.854964256286619,Italia
13.674300000000001,41.669199999999996,8.258481979370123,6.296370983123780,Italia
9.566400000000000,46.131700000000002,8.284353256225589,5.583792686462400,Italia
14.401000000000000,40.979700000000001,13.389527320861800,9.446858406066889,Italia
14.344700000000000,41.084400000000002,13.004715919494600,8.801063537597660,Italia
12.913000000000000,41.463999999999999,12.917963981628400,8.374612808227543,Italia
12.345599999999999,41.874800000000000,11.728543281555201,8.303849220275882,Italia
9.870600000000000,46.167200000000001,6.438134670257570,4.844722747802730,Italia
12.726599999999999,41.995600000000003,12.038452148437500,8.068485260009769,Italia
14.254500000000000,40.863700000000001,15.557126045227101,10.624555587768601,Italia
13.149800000000001,41.746899999999997,9.563233375549320,6.830029487609860,Italia
12.606999999999999,41.797899999999998,13.483195304870600,8.620203018188480,Italia
14.785600000000001,40.914200000000001,11.982740402221699,8.203651428222660,Italia
14.777500000000000,40.695399999999999,12.953994750976600,9.254716873168951,Italia
14.369800000000000,40.941099999999999,16.216398239135700,10.277088165283200,Italia
14.231100000000000,40.849400000000003,15.546599388122599,11.021742820739700,Italia
7.324200000000000,45.735799999999998,9.271312713623050,6.726051807403560,Italia
14.481299999999999,40.924300000000002,15.632667541503899,9.857263565063480,Italia
13.338300000000000,41.727300000000000,8.162308692932132,6.111836433410640,Italia
11.876400000000000,42.736600000000003,7.311754226684570,5.977982044219970,Italia
9.843900000000000,44.116000000000000,10.282263755798301,7.591841697692870,Italia
14.643500000000000,40.740400000000001,16.526128768920898,10.457549095153800,Italia
14.836100000000000,41.146900000000002,12.065052986145000,8.169041633605962,Italia
8.643100000000000,44.391399999999997,10.351023674011200,7.457516670227050,Italia
12.653300000000000,41.595399999999998,12.326156616210900,8.425742149353029,Italia
8.438900000000000,44.272500000000001,12.662888526916500,8.491341590881349,Italia
12.946600000000000,41.531399999999998,11.692751884460399,8.021615982055662,Italia
7.298900000000000,45.730300000000000,7.783028125762940,6.519757270812990,Italia
9.897700000000000,44.183100000000003,8.492864608764650,7.039083957672120,Italia
8.283799999999999,44.383200000000002,11.296212196350099,7.602448463439940,Italia
14.779999999999999,41.115699999999997,11.979739189147899,8.157559394836429,Italia
14.341100000000001,40.864300000000000,16.202039718627901,10.506814956665000,Italia
7.766400000000000,45.596600000000002,10.219827651977500,7.997896671295170,Italia
14.213100000000001,42.466400000000000,10.324025154113800,7.194563865661620,Italia
9.918699999999999,44.154699999999998,8.794494628906250,6.870719432830810,Italia
8.205399999999999,44.052599999999998,9.451176643371580,7.299100875854490,Italia
9.798700000000000,44.123600000000003,7.595401287078860,7.045418262481690,Italia
16.547100000000000,40.686700000000002,8.711173057556152,6.674380302429200,Italia
9.839000000000000,44.064700000000002,11.263676643371600,8.304949760437010,Italia
15.954800000000001,40.315600000000003,6.126334190368650,5.491792678833010,Italia
8.485400000000000,44.315399999999997,12.379470825195300,8.209735870361330,Italia
16.496200000000002,40.485799999999998,6.602586746215820,5.865886688232420,Italia
15.722700000000000,41.067100000000003,7.923112392425540,6.228981971740720,Italia
15.872900000000000,40.643900000000002,7.122153759002690,5.949647903442380,Italia
9.414700000000000,45.329400000000000,28.842494964599599,15.015538215637200,Italia
16.548400000000001,40.420400000000001,7.048361301422120,5.831400394439700,Italia
9.698300000000000,45.158600000000000,24.626659393310501,13.405730247497599,Italia
14.197500000000000,42.451900000000002,10.655342102050801,7.085813045501710,Italia
15.640000000000001,40.984099999999998,7.462363243103030,6.010365486145020,Italia
6.977800000000000,45.729199999999999,5.056014060974120,5.233761310577390,Italia
17.283899999999999,40.411900000000003,9.707242965698240,7.884608268737790,Italia
9.955000000000000,44.110900000000001,10.140827178955099,7.191247463226320,Italia
16.873300000000000,41.123300000000000,9.223092079162599,7.237002372741700,Italia
15.891400000000001,40.288400000000003,6.543547630310060,5.831769466400150,Italia
15.787599999999999,41.045999999999999,7.702121734619140,6.221497058868410,Italia
9.586100000000000,45.308599999999998,29.564437866210898,15.084716796875000,Italia
15.945000000000000,41.665300000000002,7.369372367858890,6.003379344940190,Italia
17.173600000000000,40.526100000000000,10.904204368591300,7.925290107727050,Italia
17.263300000000001,40.460599999999999,11.195273399353001,8.260108947753910,Italia
9.713900000000001,45.082000000000001,20.398273468017599,11.711011886596699,Italia
15.867400000000000,40.324199999999998,6.643837928771970,5.767677783966060,Italia
15.547800000000001,41.453899999999997,9.304699897766110,6.881450176239010,Italia
10.912200000000000,45.462499999999999,24.055089950561499,14.165104866027800,Italia
15.795199999999999,40.649200000000000,7.321645259857180,6.132556438446040,Italia
8.205500000000002,44.908900000000003,21.690700531005898,11.797228813171399,Italia
7.778200000000000,45.143200000000000,27.318204879760700,13.497661590576200,Italia
8.510199999999999,44.329599999999999,11.184344291686999,7.976990222930910,Italia
8.619700000000000,45.440300000000001,23.103727340698200,12.427758216857899,Italia
8.056400000000000,45.558799999999998,14.937194824218800,9.030286788940430,Italia
7.814600000000000,44.401800000000001,14.152709007263200,8.459761619567869,Italia
7.538200000000000,44.381799999999998,15.576394081115700,9.203714370727541,Italia
7.050100000000000,45.139099999999999,7.105755805969240,6.322966098785400,Italia
8.458399999999999,45.689399999999999,14.767649650573700,8.417335510253910,Italia
7.878000000000000,45.451200000000000,15.386327743530300,9.525049209594730,Italia
15.909400000000000,41.628300000000003,7.711752891540530,6.171077251434330,Italia
7.678200000000000,45.075800000000001,26.140953063964801,13.571615219116200,Italia
18.116099999999999,40.458900000000000,8.779002189636230,7.498036861419680,Italia
8.565500000000000,45.930300000000003,9.581033706665041,6.158203125000000,Italia
17.964500000000001,40.418500000000002,9.547178268432621,7.580120086669920,Italia
7.695300000000000,45.104100000000003,22.304161071777301,11.909374237060501,Italia
8.612000000000000,44.906599999999997,20.805463790893601,11.406295776367200,Italia
7.549600000000000,45.006900000000002,20.978179931640600,12.067245483398400,Italia
7.245400000000000,45.430199999999999,4.269240856170650,4.567069530487060,Italia
7.560200000000000,45.175800000000002,14.035187721252401,8.657607078552250,Italia
6.835900000000000,45.034799999999997,7.036258220672610,6.703491210937500,Italia
7.636200000000000,44.951300000000003,24.933963775634801,13.371747016906699,Italia
7.625900000000000,45.041899999999998,26.585969924926800,13.723829269409199,Italia
18.173100000000002,40.364400000000003,10.030953407287599,7.803631782531740,Italia
8.415699999999999,45.898800000000001,8.723991394042972,6.528047561645510,Italia
17.423900000000000,40.537799999999997,9.422002792358400,7.298752784729000,Italia
7.426200000000000,44.719700000000003,15.021870613098100,8.955375671386722,Italia
8.786099999999999,45.409700000000001,25.980018615722699,13.303595542907701,Italia
8.169499999999999,44.412199999999999,11.597851753234901,7.529715538024900,Italia
14.663300000000000,41.557800000000000,8.522439002990723,6.368125438690190,Italia
8.187600000000000,45.569000000000003,14.327055931091300,8.369795799255369,Italia
8.283500000000000,45.713200000000001,8.783264160156250,6.431781768798830,Italia
9.666900000000000,45.234999999999999,26.128311157226602,14.714334487915000,Italia
8.043400000000000,45.294800000000002,22.625839233398398,12.345801353454601,Italia
14.993600000000001,42.001100000000001,8.846599578857420,6.703551292419430,Italia
17.203299999999999,40.562500000000000,9.736281394958500,7.946921348571780,Italia
7.658000000000000,45.154600000000002,19.204048156738299,11.273749351501500,Italia
7.711600000000000,45.176299999999998,24.395799636840799,13.211353302001999,Italia
7.774300000000000,43.820000000000000,8.908417701721190,6.928748607635500,Italia
8.197500000000000,44.894199999999998,22.173587799072301,11.749391555786101,Italia
9.052400000000000,44.763300000000001,7.257271289825440,5.522059917449950,Italia
17.808299999999999,40.565600000000003,9.230286598205570,7.429573535919190,Italia
14.208900000000000,41.759399999999999,5.895164966583250,5.350005149841310,Italia
8.255900000000000,46.314799999999998,2.438401460647580,2.656446456909180,Italia
17.253599999999999,40.521099999999997,13.208752632141101,9.154151916503910,Italia
8.159800000000002,45.664200000000001,8.908060073852543,5.964177131652830,Italia
14.993300000000000,41.998100000000001,9.429292678833010,6.710558414459230,Italia
14.033300000000001,41.478900000000003,9.653061866760250,6.819399833679200,Italia
8.292100000000000,46.127600000000001,4.391611576080320,4.564750671386720,Italia
14.395600000000000,37.145899999999997,10.908480644226101,9.548034667968750,Italia
17.115800000000000,40.591900000000003,11.015310287475600,7.821967124938960,Italia
16.560300000000002,40.827800000000003,8.567108154296880,6.582415103912350,Italia
17.943600000000000,40.650799999999997,8.913147926330570,7.637862205505370,Italia
13.709400000000000,42.657200000000003,9.720407485961911,6.770243644714360,Italia
14.233599999999999,41.597200000000001,8.354621887207029,6.217756271362300,Italia
16.291699999999999,41.231699999999996,8.479933738708500,6.580534458160400,Italia
8.402400000000000,45.318899999999999,20.955499649047901,11.232220649719199,Italia
13.302199999999999,38.120500000000000,10.839495658874499,9.020914077758791,Italia
15.190899999999999,37.156100000000002,13.213233947753899,11.192901611328100,Italia
14.525600000000001,41.418900000000001,6.370388984680180,5.492348670959470,Italia
8.445200000000000,45.136099999999999,21.836473464965799,12.535242080688500,Italia
15.220499999999999,37.218400000000003,13.055265426635700,11.584506034851101,Italia
18.029699999999998,40.404400000000003,10.036530494689901,7.746817588806150,Italia
18.173600000000000,40.168100000000003,10.142414093017599,7.887623310089110,Italia
8.033300000000002,44.703699999999998,18.491418838501001,10.499878883361800,Italia
7.837500000000000,45.002800000000001,24.568878173828100,13.251255989074700,Italia
16.193999999999999,39.713799999999999,6.414297103881840,6.051861286163330,Italia
14.481199999999999,41.484499999999997,7.142421722412110,5.971889972686770,Italia
17.331900000000001,40.700800000000001,9.075841903686520,7.055493354797360,Italia
16.919699999999999,40.953299999999999,9.350486755371090,7.129274845123290,Italia
15.310100000000000,38.205599999999997,12.674469947814901,11.779517173767101,Italia
13.331600000000000,38.151699999999998,9.174808502197269,8.843865394592290,Italia
13.688000000000001,37.977899999999998,10.103446006774901,9.217603683471680,Italia
13.383100000000001,42.364199999999997,7.823724746704100,6.015539169311520,Italia
8.310300000000000,44.808000000000000,18.523694992065401,10.653534889221200,Italia
16.865800000000000,41.076900000000002,9.298090934753420,7.133495330810550,Italia
12.245799999999999,43.456899999999997,8.311964035034180,6.160761833190920,Italia
12.186700000000000,44.428600000000003,16.107524871826200,9.949919700622560,Italia
10.430300000000001,44.299700000000001,5.620624542236330,5.366679191589360,Italia
18.095099999999999,40.346299999999999,10.368326187133800,7.797484874725340,Italia
9.830299999999999,44.823900000000002,10.618901252746600,7.191776275634770,Italia
17.846399999999999,40.423299999999998,9.076904296875000,7.287535190582280,Italia
12.566100000000000,42.804699999999997,8.890146255493162,6.474875450134280,Italia
12.611700000000001,43.273899999999998,7.820457458496090,6.017748832702640,Italia
11.639400000000000,44.662199999999999,18.934417724609400,11.440910339355501,Italia
16.605000000000000,41.200299999999999,8.071886062622070,6.713589668273930,Italia
16.231400000000001,39.075000000000003,7.318573951721190,6.648576259613040,Italia
12.239200000000000,44.139200000000002,12.384492874145501,8.018696784973139,Italia
11.416399999999999,44.472200000000001,16.251428604126001,9.896540641784670,Italia
12.419700000000001,42.551900000000003,9.511275291442869,6.978819847106930,Italia
12.420000000000000,44.013100000000001,11.440606117248500,7.609104156494140,Italia
12.536300000000001,45.898699999999998,17.699813842773398,9.985126495361330,Italia
16.466899999999999,50.846600000000002,11.378014564514199,4.855227947235110,Polonia
16.514399999999998,50.579900000000002,10.089986801147500,4.801469802856450,Polonia
16.269700000000000,50.768700000000003,11.678921699523899,4.906806945800780,Polonia
10.696700000000000,60.790900000000001,4.531817436218260,3.585651159286500,Norvegia
13.541600000000001,45.727600000000002,10.093953132629400,6.726933002471920,Italia
17.934000000000001,53.662100000000002,6.680957794189450,3.612538576126100,Polonia
23.149400000000000,52.029200000000003,10.787713050842299,4.437796592712400,Polonia
17.605100000000000,53.138399999999997,9.448446273803709,4.305259704589840,Polonia
19.079300000000000,52.672600000000003,11.938844680786101,4.583394527435300,Polonia
23.514600000000002,51.130899999999997,9.697301864624020,4.570865154266360,Polonia
18.241000000000000,52.793100000000003,12.755131721496600,4.827680587768550,Polonia
17.859000000000002,52.822899999999997,9.163977622985840,4.189052581787111,Polonia
15.739699999999999,50.736400000000003,6.681636333465580,4.119661331176760,Repubblica Ceca
18.666100000000000,53.028599999999997,13.785607337951699,4.840687751770020,Polonia
16.819800000000001,50.592300000000002,10.512001991271999,4.845366954803470,Polonia
17.995699999999999,53.134099999999997,14.381578445434601,4.690788745880130,Polonia
22.551700000000000,51.273099999999999,15.216096878051800,5.106710910797120,Polonia
23.290199999999999,50.716600000000000,12.199360847473100,4.909153938293460,Polonia
15.765599999999999,50.913400000000003,10.961374282836900,4.381595611572270,Polonia
19.452400000000001,51.777600000000000,19.028337478637699,5.341923713684080,Polonia
17.390000000000001,51.217500000000001,12.746047973632800,4.977091312408450,Polonia
19.434799999999999,51.705599999999997,17.312473297119102,5.323719978332520,Polonia
19.368700000000000,51.667999999999999,13.762899398803700,5.064868450164790,Polonia
15.700900000000001,50.871200000000002,9.889821052551270,4.437400817871090,Polonia
16.097799999999999,51.656999999999996,12.168472290039100,4.755138397216800,Polonia
18.780899999999999,52.888399999999997,10.837291717529300,4.594981193542480,Polonia
16.075099999999999,51.502400000000002,9.995616912841800,4.492120265960690,Polonia
17.141100000000002,51.115900000000003,14.836247444152800,5.205811023712160,Polonia
19.233200000000000,52.143300000000004,10.731057167053200,4.652880668640140,Polonia
17.012699999999999,51.086199999999998,17.358005523681602,5.409012794494630,Polonia
15.528300000000000,50.822699999999998,7.355127334594730,4.073701858520510,Polonia
19.696999999999999,51.404400000000003,13.288639068603500,5.192818164825440,Polonia
18.752500000000001,53.491799999999998,12.029635429382299,4.400547027587890,Polonia
18.684300000000000,53.080599999999997,10.918207168579100,4.610515117645260,Polonia
14.916800000000000,50.941000000000003,9.663477897644039,4.846174716949460,Polonia
21.961099999999998,51.418999999999997,12.435294151306200,4.800537586212160,Polonia
19.451200000000000,51.064000000000000,12.740726470947299,5.076637744903560,Polonia
22.997900000000001,50.590800000000002,8.542703628540043,4.502334594726560,Polonia
15.518900000000000,51.939799999999998,10.883066177368200,4.340608119964600,Polonia
18.132100000000001,53.151499999999999,10.992998123168899,4.391442298889160,Polonia
16.513100000000001,50.415799999999997,9.626173973083500,4.786382198333740,Polonia
22.228300000000001,50.928199999999997,11.211462020874000,4.777239322662350,Polonia
19.529800000000002,51.758000000000003,15.711874008178700,5.193627357482910,Polonia
16.317499999999999,51.799700000000001,9.635001182556151,4.427204608917240,Polonia
4.507600000000000,52.167800000000000,9.527210235595700,6.275375366210940,Paesi Bassi
19.830400000000001,49.970999999999997,17.181993484497099,5.972084999084470,Polonia
22.598600000000001,51.163499999999999,10.716706275939901,4.796713352203370,Polonia
15.228700000000000,52.738199999999999,12.522374153137200,4.465065002441410,Polonia
19.960100000000001,49.293599999999998,6.426765441894530,3.602783679962160,Polonia
15.122400000000001,52.437700000000000,7.601458072662350,3.953031063079830,Polonia
19.926200000000001,50.057699999999997,26.357227325439499,6.555656433105470,Polonia
21.163300000000000,49.658900000000003,11.671678543090801,4.967491149902340,Polonia
21.972400000000000,51.814399999999999,9.983427047729490,4.501345634460450,Polonia
15.920299999999999,51.123899999999999,9.944084167480471,4.478943347930910,Polonia
15.127800000000001,51.642699999999998,9.535448074340820,4.370300292968750,Polonia
15.206700000000000,52.172199999999997,7.001439571380620,3.988659858703610,Polonia
20.714400000000001,49.619300000000003,12.200308799743700,4.900801658630370,Polonia
19.588300000000000,49.740600000000001,8.916290283203120,4.698682785034180,Polonia
19.477499999999999,50.159399999999998,15.670741081237800,5.823715686798100,Polonia
19.949200000000001,50.010599999999997,22.481264114379901,6.487205982208250,Polonia
18.717300000000002,51.590100000000000,11.434803962707500,4.765241146087650,Polonia
19.517600000000002,51.291200000000003,11.145695686340300,5.076004028320310,Polonia
19.421199999999999,51.856699999999996,13.163469314575201,4.937365055084230,Polonia
21.004200000000001,50.020200000000003,15.133013725280801,5.551369190216060,Polonia
21.116800000000001,49.633699999999997,9.739767074584959,4.887944221496580,Polonia
20.016900000000000,51.526200000000003,12.786067008972200,4.857082843780520,Polonia
19.415099999999999,53.249299999999998,9.791296005249020,4.394942760467530,Polonia
20.439499999999999,49.969000000000001,16.228057861328100,5.448949337005620,Polonia
20.053500000000000,50.069299999999998,25.200160980224599,7.252620220184330,Polonia
19.756100000000000,51.797800000000002,11.426473617553700,4.794035911560060,Polonia
20.837499999999999,52.191699999999997,15.529804229736300,5.398980140686040,Polonia
18.581800000000001,51.217799999999997,11.746949195861800,4.908628463745120,Polonia
18.940100000000001,51.601399999999998,11.756543159484901,4.715382575988770,Polonia
21.051100000000002,49.894199999999998,11.864597320556600,4.893721103668210,Polonia
20.454699999999999,52.285899999999998,10.858050346374499,4.590827465057370,Polonia
21.147500000000001,51.399099999999997,13.554012298584000,4.919806957244870,Polonia
20.955900000000000,52.407600000000002,13.822690010070801,4.900912761688230,Polonia
20.258500000000002,50.006999999999998,15.502060890197800,5.487627029418950,Polonia
22.625900000000001,51.780000000000001,10.319419860839799,4.529822349548340,Polonia
19.569900000000001,50.277600000000000,13.196228981018100,5.387556552886960,Polonia
21.579300000000000,53.083700000000000,11.217951774597200,4.448237895965580,Polonia
21.033799999999999,52.160800000000002,16.721464157104499,5.376139163970950,Polonia
20.908600000000000,52.226399999999998,24.863040924072301,5.815317630767820,Polonia
21.042500000000000,52.290900000000001,23.442031860351602,5.808172225952150,Polonia
20.429900000000000,52.053800000000003,12.351288795471200,4.876545429229740,Polonia
20.082200000000000,50.243400000000001,13.583758354186999,5.483854770660400,Polonia
19.215599999999998,49.876899999999999,13.624657630920399,5.330486297607420,Polonia
14.151100000000000,66.312399999999997,5.434940814971920,3.988908052444460,Norvegia
20.933000000000000,52.285100000000000,21.813840866088899,5.756420135498050,Polonia
10.487800000000000,59.952399999999997,3.659378528594970,3.432251214981080,Norvegia
19.726800000000001,50.024999999999999,17.162315368652301,5.842898845672610,Polonia
19.687700000000000,52.556300000000000,13.029095649719199,4.977406978607180,Polonia
21.166799999999999,51.406100000000002,14.448022842407200,4.928133487701420,Polonia
20.791899999999998,51.835200000000000,10.660820007324199,4.786330223083500,Polonia
19.462299999999999,50.266199999999998,13.361496925354000,5.541605472564700,Polonia
20.424099999999999,49.698500000000003,10.502803802490201,4.752492427825930,Polonia
22.282000000000000,52.172100000000000,12.049608230590801,4.698296546936040,Polonia
19.709800000000001,52.550899999999999,12.612590789794901,4.945985794067380,Polonia
21.237300000000001,52.115699999999997,13.126313209533700,4.801079273223880,Polonia
20.484900000000000,49.425899999999999,8.008059501647949,4.696221351623540,Polonia
20.992599999999999,50.018300000000004,16.853443145751999,5.683853149414060,Polonia
19.368500000000001,52.234400000000001,12.584180831909199,4.873167991638180,Polonia
22.112500000000001,50.529899999999998,11.237642288208001,4.869449138641360,Polonia
19.939399999999999,52.105800000000002,11.834194183349600,4.785608768463130,Polonia
20.149500000000000,51.954300000000003,12.390949249267599,4.789144039154050,Polonia
20.371700000000001,53.111899999999999,10.113445281982401,4.354123115539550,Polonia
18.120699999999999,50.423499999999997,12.479706764221200,5.562129974365230,Polonia
21.749700000000001,49.690199999999997,12.263096809387200,5.215960025787350,Polonia
23.155899999999999,53.126700000000000,16.183185577392599,4.886250972747800,Polonia
18.236599999999999,50.349600000000002,13.233060836791999,5.744547367095950,Polonia
20.289200000000001,51.375799999999998,11.415523529052701,4.914590358734130,Polonia
21.014800000000001,52.225200000000001,20.694786071777301,5.582224845886230,Polonia
17.950299999999999,50.676900000000003,14.528386116027800,5.305420398712160,Polonia
21.288200000000000,52.943199999999997,8.743371009826660,4.306931495666501,Polonia
19.895399999999999,50.081200000000003,18.701828002929702,6.215021610260010,Polonia
22.934600000000000,54.117899999999999,9.127689361572269,4.183496475219730,Polonia
23.586099999999998,52.739500000000000,8.350263595581049,4.245353698730470,Polonia
19.938099999999999,49.834899999999998,13.185614585876500,5.054749011993410,Polonia
21.471200000000000,50.304000000000002,13.637742042541500,5.260320186614990,Polonia
20.250800000000002,51.760899999999999,11.642943382263200,4.858094215393070,Polonia
21.454599999999999,49.744900000000001,12.548859596252401,5.306258678436280,Polonia
18.409900000000000,54.793599999999998,6.323065757751460,3.824968099594120,Polonia
18.207599999999999,50.972200000000001,10.668310165405300,4.829052925109860,Polonia
22.756200000000000,49.784300000000002,11.121955871581999,4.899940490722660,Polonia
18.239400000000000,54.601100000000002,8.574737548828120,3.790576457977290,Polonia
17.746200000000002,54.546199999999999,7.833717823028560,3.728831291198730,Polonia
17.975899999999999,54.120699999999999,7.626693248748780,3.722423553466800,Polonia
22.054400000000001,53.181399999999996,11.410107612609901,4.494375705718990,Polonia
17.046700000000001,54.463600000000000,10.457423210144000,3.973548650741580,Polonia
20.271100000000001,50.808300000000003,10.931137084960900,5.010769844055180,Polonia
17.816500000000001,50.200899999999997,10.115551948547401,5.114119052886960,Polonia
23.229900000000001,53.138599999999997,10.748341560363800,4.431132316589360,Polonia
18.527600000000000,53.965699999999998,10.576115608215300,4.136499404907230,Polonia
18.657499999999999,54.400799999999997,9.153546333312990,4.323188304901121,Polonia
22.010600000000000,50.024200000000000,13.686049461364700,5.178536891937260,Polonia
17.458100000000002,54.693800000000003,5.758013248443600,3.486243724823000,Polonia
21.688400000000001,50.575699999999998,12.694473266601600,4.991671562194820,Polonia
18.183000000000000,54.104100000000003,7.190855979919430,3.800699234008790,Polonia
18.557800000000000,54.328299999999999,9.915798187255859,4.177335262298581,Polonia
18.936900000000001,53.722400000000000,11.369943618774400,4.567901134490970,Polonia
19.032900000000001,54.031199999999998,10.565985679626500,4.353093624114990,Polonia
18.620300000000000,54.380299999999998,13.594706535339400,4.466694831848140,Polonia
18.539800000000000,54.508000000000003,8.880681037902830,4.182555198669430,Polonia
20.605000000000000,50.872500000000002,16.460924148559599,5.353619575500490,Polonia
18.464900000000000,54.465800000000002,8.607637405395510,3.962639093399050,Polonia
21.277400000000000,50.429000000000002,12.080677986145000,5.042269706726070,Polonia
19.027300000000000,49.813499999999998,16.892673492431602,5.658347129821780,Polonia
22.674800000000001,50.012099999999997,12.132678985595700,5.046355724334720,Polonia
21.498600000000000,49.511299999999999,8.223094940185550,4.921057701110840,Polonia
18.579699999999999,54.431699999999999,10.889408111572299,4.177272319793701,Polonia
21.416300000000000,50.054800000000000,13.593650817871101,5.309555053710940,Polonia
18.416899999999998,50.877000000000002,10.233371734619100,4.788749217987060,Polonia
17.331900000000001,50.459000000000003,11.878961563110400,4.960503578186040,Polonia
17.534500000000001,54.754100000000001,5.670971393585210,3.546542406082150,Polonia
18.493300000000001,54.560800000000000,9.715314865112299,4.051747322082521,Polonia
20.715599999999998,50.453600000000002,12.663928031921399,5.057317256927490,Polonia
18.701100000000000,54.367800000000003,9.552556991577150,4.402669429779050,Polonia
18.975000000000001,50.264600000000002,20.820796966552699,6.585266590118410,Polonia
18.787500000000001,54.085799999999999,10.454936027526900,4.283476829528811,Polonia
19.231200000000001,50.329099999999997,21.787471771240199,7.925329685211180,Polonia
23.642199999999999,53.215499999999999,6.671521663665770,3.892054080963130,Polonia
21.053000000000001,50.862299999999998,10.557082176208500,4.692796707153320,Polonia
20.533500000000000,50.823099999999997,12.728712081909199,5.166228294372560,Polonia
18.455500000000001,50.007599999999996,15.669836997985801,6.274866104125980,Polonia
18.772400000000001,50.316499999999998,18.159019470214801,6.188183307647710,Polonia
19.130099999999999,50.836399999999998,15.807244300842299,5.511347770690920,Polonia
22.038100000000000,54.124800000000000,6.217984676361080,3.649243831634520,Polonia
19.019500000000001,50.246800000000000,16.774906158447301,6.212912082672120,Polonia
18.199900000000000,54.334200000000003,7.534533500671390,3.823884487152100,Polonia
19.564900000000002,53.587899999999998,9.601395606994631,4.149185657501220,Polonia
19.458800000000000,50.710900000000002,10.203206062316900,4.730783462524410,Polonia
16.959499999999998,52.398200000000003,14.189618110656699,4.860970020294190,Polonia
14.663300000000000,53.381000000000000,10.755244255065900,4.331550121307371,Polonia
18.829599999999999,50.444699999999997,15.790769577026399,5.800601482391360,Polonia
16.877300000000002,52.420299999999997,14.915797233581500,4.805765628814700,Polonia
17.074200000000001,52.276699999999998,10.548825263977101,4.431267261505130,Polonia
20.486100000000000,53.789200000000001,12.114184379577599,4.258535385131841,Polonia
16.759599999999999,53.154400000000003,9.685926437377930,4.029787540435790,Polonia
-9.081099999999999,38.619399999999999,10.685894966125501,8.080885887146000,Portogallo
19.433000000000000,50.479500000000002,13.615267753601101,5.366485595703120,Polonia
19.234400000000001,49.671599999999998,10.450579643249499,4.743196010589600,Polonia
18.049099999999999,51.747999999999998,11.897998809814499,4.827043056488040,Polonia
17.823300000000000,51.637599999999999,11.275232315063500,4.686790943145750,Polonia
18.826699999999999,49.719700000000003,10.190111160278301,5.107094287872310,Polonia
18.696200000000001,50.658400000000000,11.221088409423800,5.140070915222170,Polonia
18.655700000000000,50.279499999999999,16.355516433715799,6.109605789184570,Polonia
18.516100000000002,50.111199999999997,14.541707038879400,5.939723968505860,Polonia
14.862800000000000,52.926299999999998,8.294124603271483,3.952280044555660,Polonia
14.553900000000001,53.432200000000002,16.013563156127901,4.846477031707760,Polonia
18.660000000000000,50.163800000000002,14.476444244384799,5.876965045928960,Polonia
18.691199999999998,50.028700000000001,16.225982666015600,6.203072547912600,Polonia
17.773199999999999,52.501300000000001,9.878938674926760,4.384489059448241,Polonia
18.655700000000000,50.233199999999997,15.093647956848100,5.912507057189940,Polonia
22.307700000000001,54.305900000000001,6.460522174835210,4.027064800262451,Polonia
20.422000000000001,53.361100000000000,9.043549537658690,4.203005313873290,Polonia
14.382199999999999,53.122300000000003,7.495913028717040,4.046786308288570,Germania
19.969799999999999,53.692500000000003,9.396657943725589,4.273899555206300,Polonia
21.084199999999999,51.050600000000003,10.591163635253899,4.635797977447510,Polonia
19.326699999999999,50.579700000000003,12.496813774108899,5.244105815887450,Polonia
18.990200000000002,50.099899999999998,13.971799850463899,5.746123790740970,Polonia
-9.117500000000000,38.894700000000000,7.675619602203370,6.605442523956300,Portogallo
-9.108100000000000,38.768900000000002,16.982133865356399,7.935660362243650,Portogallo
18.268899999999999,52.225700000000003,12.501431465148899,4.627284526824950,Polonia
20.958600000000001,52.314500000000002,16.650432586669901,5.339071750640870,Polonia
19.410900000000002,54.167800000000000,11.724897384643601,4.319334030151370,Polonia
21.296099999999999,53.866100000000003,7.658362865448000,4.052557945251461,Polonia
16.704599999999999,53.698900000000002,7.847891330718990,4.072137832641600,Polonia
19.184400000000000,50.286000000000001,22.054056167602500,6.644972324371340,Polonia
18.947199999999999,49.972200000000001,15.279416084289601,5.707837581634520,Polonia
16.645900000000001,52.467399999999998,10.590633392334000,4.509067058563230,Polonia
17.612200000000001,52.539299999999997,11.156973838806200,4.550035476684570,Polonia
16.692499999999999,53.712100000000000,8.161545753479000,3.981603145599370,Polonia
-8.838100000000003,37.954200000000000,8.556022644042972,6.781859874725340,Portogallo
16.172499999999999,54.194000000000003,9.188508033752440,3.915563106536870,Polonia
16.193200000000001,54.207200000000000,8.414240837097170,3.909423351287840,Polonia
-8.723900000000000,37.871099999999998,6.160728454589840,5.607107162475590,Portogallo
-9.148899999999999,38.748600000000003,10.978891372680700,7.978692531585690,Portogallo
-9.245600000000000,39.278300000000002,6.486217498779300,5.581213474273680,Portogallo
14.556300000000000,53.470900000000000,12.544885635376000,4.424009799957280,Polonia
-8.894200000000000,38.524200000000000,9.427656173706060,7.233017444610600,Portogallo
-8.697500000000000,38.020000000000003,5.580822944641110,5.315032482147220,Portogallo
-9.210300000000000,38.704999999999998,8.790635108947750,6.759046077728270,Portogallo
-9.420000000000000,38.699700000000000,6.728248119354250,6.203024864196780,Portogallo
-7.301900000000000,40.233100000000000,4.748308658599850,4.564915657043460,Portogallo
-9.230800000000000,38.754199999999997,8.312500953674320,6.645270824432370,Portogallo
-9.323300000000000,38.697499999999998,7.930009365081790,6.541886806488040,Portogallo
-8.713100000000003,41.232199999999999,9.108576774597170,7.184158802032470,Portogallo
-8.567200000000000,40.758600000000001,9.167996406555179,6.593676090240480,Portogallo
-8.798600000000000,38.076900000000002,5.855434894561770,5.444816589355470,Portogallo
-8.466100000000003,39.352499999999999,5.997635841369630,5.092151165008540,Portogallo
-9.182200000000000,38.802199999999999,7.705599784851070,7.090784072875980,Portogallo
-8.100600000000000,40.641100000000002,5.855315685272220,5.101760864257810,Portogallo
-8.891700000000000,39.923900000000003,6.153680801391600,5.350072383880620,Portogallo
-8.690600000000000,38.635599999999997,5.780120372772220,5.314062118530270,Portogallo
16.142199999999999,52.316699999999997,9.804895401000980,4.219403743743900,Polonia
-8.660600000000002,41.252200000000002,10.754045486450201,7.748258590698240,Portogallo
17.791100000000000,51.884900000000002,10.526192665100099,4.590800285339360,Polonia
-9.347200000000001,38.784999999999997,8.382681846618652,6.482855319976810,Portogallo
-8.644700000000000,41.199700000000000,12.365340232849100,7.979892730712890,Portogallo
-8.552800000000000,41.206699999999998,11.446845054626500,7.755039691925050,Portogallo
-9.157800000000000,38.663600000000002,11.913573265075700,8.808020591735840,Portogallo
-8.410800000000000,40.206899999999997,10.442916870117200,7.160336971282960,Portogallo
-9.047800000000001,38.666699999999999,11.331382751464799,8.584278106689450,Portogallo
22.195900000000002,49.571700000000000,10.106407165527299,4.784719944000240,Polonia
-8.456899999999999,41.569400000000002,9.930741310119631,7.070193767547610,Portogallo
-7.397500000000000,38.615000000000002,4.961772441864010,4.798104286193850,Portogallo
-7.926700000000000,37.015000000000001,10.446522712707500,8.204303741455080,Portogallo
-9.040300000000000,38.896099999999997,8.596969604492189,6.820363044738770,Portogallo
-7.678600000000000,37.312500000000000,5.648503780364990,5.576016426086430,Portogallo
-8.376099999999999,41.274200000000000,10.190363883972200,6.947774410247800,Portogallo
-8.720800000000002,41.308599999999998,8.574696540832520,6.821534156799320,Portogallo
-8.589399999999999,41.164400000000001,12.037555694580099,7.780354022979740,Portogallo
-8.646699999999999,40.635599999999997,9.896822929382321,7.225088596343990,Portogallo
26.125000000000000,44.383899999999997,12.967125892639199,8.781574249267580,Romania
26.033600000000000,44.419499999999999,13.664167404174799,8.961739540100099,Romania
-7.790800000000000,41.371400000000001,5.563680171966550,5.176512241363530,Portogallo
-8.670600000000000,40.589700000000001,8.873986244201660,6.718907833099370,Portogallo
26.030799999999999,44.349200000000003,11.931369781494100,8.147934913635250,Romania
-8.460800000000003,41.353900000000003,10.334997177124000,7.115173339843750,Portogallo
-8.676700000000000,40.182800000000000,7.514584541320800,5.954579353332520,Portogallo
23.615600000000001,46.778300000000002,14.425944328308100,9.295491218566889,Romania
-8.618600000000002,41.235599999999998,16.071109771728501,8.222887992858890,Portogallo
-8.338100000000003,41.207500000000003,9.481844902038571,6.694107532501220,Portogallo
-8.658899999999999,41.147500000000001,10.942186355590801,7.669516563415530,Portogallo
-8.405799999999999,41.549700000000001,11.523287773132299,7.282993793487550,Portogallo
23.550300000000000,46.765400000000000,13.371486663818400,8.699583053588873,Romania
27.313700000000001,44.204200000000000,9.136833190917971,6.571833133697510,Romania
-8.623300000000000,40.999400000000001,8.915563583374020,6.777389049530030,Portogallo
-8.249700000000002,37.091700000000003,6.453558921813960,6.117967605590820,Portogallo
27.581900000000001,47.151000000000003,10.365651130676300,6.515751838684080,Romania
26.658500000000000,47.739899999999999,10.825299263000501,7.006417274475100,Romania
23.559899999999999,45.966400000000000,11.086341857910201,7.629751205444340,Romania
23.226400000000002,46.109600000000000,5.666698455810550,4.667663097381590,Romania
21.660699999999999,50.887099999999997,11.355989456176800,4.965806007385250,Polonia
27.611100000000000,47.213299999999997,9.168498039245600,6.240370750427250,Romania
21.302499999999998,46.190500000000000,11.292559623718301,7.279651165008540,Romania
25.007400000000001,44.863399999999999,8.457775115966800,6.160716533660890,Romania
25.804400000000001,45.875100000000003,8.152368545532230,6.049330711364750,Romania
24.761299999999999,44.978800000000000,8.028753280639650,5.820924282073970,Romania
23.563500000000001,46.064300000000003,11.221199989318800,7.578712940216060,Romania
24.854600000000001,44.870100000000001,11.098443984985400,7.412705898284910,Romania
27.693100000000001,47.135700000000000,9.382422447204590,6.391461849212650,Romania
26.160799999999998,44.417999999999999,13.743955612182599,9.047578811645510,Romania
28.582599999999999,43.815100000000001,7.214675426483150,5.704159736633300,Romania
28.623799999999999,44.149400000000000,8.482831954956049,6.624124050140380,Romania
25.616000000000000,45.659399999999998,13.538113594055201,8.010862350463873,Romania
20.736599999999999,46.166800000000002,9.657001495361330,6.331922531127930,Romania
25.624199999999998,45.718100000000000,9.526222229003910,7.123729705810550,Romania
23.733699999999999,44.386600000000001,10.212969779968301,7.123840808868410,Romania
26.910699999999999,46.564399999999999,13.944917678833001,8.456826210021973,Romania
23.778700000000001,44.326799999999999,10.880324363708500,7.350092887878420,Romania
27.768699999999999,47.215600000000002,9.750514030456539,6.365176677703860,Romania
-8.555800000000000,41.096699999999998,11.149803161621101,7.530818939208980,Portogallo
28.034400000000002,45.474200000000003,9.826783180236820,6.874382019042970,Romania
-8.542199999999999,37.138300000000001,7.034884452819820,6.392283916473390,Portogallo
28.636199999999999,44.177999999999997,8.186911582946779,6.412702083587650,Romania
24.495500000000000,47.127400000000002,10.263799667358400,6.946306228637700,Romania
28.006000000000000,45.411900000000003,9.978672981262211,6.936569213867190,Romania
21.927199999999999,47.068700000000000,11.530769348144499,7.354608535766600,Romania
26.792899999999999,46.256599999999999,8.251335144042972,5.878207206726070,Romania
25.972100000000001,43.911499999999997,9.654711723327640,6.667293071746830,Romania
23.806200000000000,44.318600000000004,11.159547805786101,7.434864521026610,Romania
22.243200000000002,45.363100000000003,7.014570236206050,5.253970623016360,Romania
28.610299999999999,44.319600000000001,7.999672412872320,6.237336158752440,Romania
27.969500000000000,45.263100000000001,10.199419021606399,7.077349185943600,Romania
28.271699999999999,44.245699999999999,7.918615341186520,5.917351245880130,Romania
17.208400000000001,52.815300000000001,9.658256530761721,4.307160854339600,Polonia
26.818600000000000,45.154100000000000,9.410500526428221,6.474175453186040,Romania
23.170900000000000,44.897199999999998,8.369840621948240,6.071216106414790,Romania
27.889199999999999,45.270899999999997,9.091455459594730,6.565034389495850,Romania
27.612700000000000,47.157800000000002,9.690184593200680,6.353799819946290,Romania
16.906199999999998,52.459200000000003,13.215422630310099,4.726774692535400,Polonia
22.991700000000002,45.734699999999997,10.372892379760700,7.068391323089600,Romania
23.373600000000000,44.680599999999998,8.335222244262702,6.003864765167240,Romania
22.331900000000001,47.043799999999997,7.241198539733890,5.387995719909670,Romania
26.389299999999999,46.934100000000001,7.960718631744380,5.728445053100590,Romania
26.034099999999999,46.898699999999998,5.063604354858400,4.259663105010990,Romania
25.811299999999999,46.326700000000002,8.052778244018549,5.725133419036870,Romania
25.630700000000001,45.637700000000002,10.141679763793899,7.580855369567870,Romania
21.633500000000002,44.723300000000002,7.568958759307860,5.370910644531250,Romania
22.898700000000002,45.895899999999997,9.830592155456539,7.428836822509770,Romania
26.025800000000000,44.939200000000000,14.063534736633301,8.905025482177733,Romania
21.872100000000000,45.299300000000002,7.488687038421630,5.473043918609620,Romania
21.919000000000000,43.322600000000001,14.175396919250501,8.270096778869632,Serbia
21.267099999999999,45.257899999999999,9.371131896972660,6.303360462188720,Romania
28.786899999999999,45.179499999999997,8.117422103881839,6.041631698608400,Romania
23.554900000000000,47.652099999999997,12.656042098999000,7.773288249969480,Romania
22.352699999999999,45.518599999999999,6.056885242462160,4.788542270660400,Romania
23.047000000000001,47.195099999999996,9.687734603881839,6.543741703033450,Romania
20.454000000000001,45.821500000000000,11.354865074157701,7.145715236663820,Serbia
24.351400000000002,44.429499999999997,12.135072708129901,8.355925559997560,Romania
26.036899999999999,43.963400000000000,8.660107612609860,6.145610332489010,Romania
23.274000000000001,45.050199999999997,8.080079078674320,5.988963603973390,Romania
19.302499999999998,49.079000000000001,7.482431888580320,5.064464092254640,Slovacchia
27.366099999999999,44.564999999999998,9.816086769104000,6.816386699676510,Romania
23.605300000000000,47.751500000000000,5.330884933471680,4.725704193115230,Romania
24.153500000000001,45.784999999999997,14.496756553649901,9.224272727966310,Romania
16.605000000000000,51.840499999999999,9.631162643432621,4.413124561309810,Polonia
26.015200000000000,44.983800000000002,13.959125518798800,8.887165069580080,Romania
25.312500000000000,43.980400000000003,9.350746154785160,6.538973331451420,Romania
24.298600000000000,45.038800000000002,10.748479843139600,7.775188446044920,Romania
26.023499999999999,44.849499999999999,12.055924415588400,8.030973434448240,Romania
28.101099999999999,46.677399999999999,8.567196846008303,5.859417915344240,Romania
24.228100000000001,46.112800000000000,10.025500297546399,7.012458324432370,Romania
22.876200000000001,47.797499999999999,10.892083168029799,7.093015193939210,Romania
22.458500000000001,47.689700000000002,11.115090370178200,7.143056392669680,Romania
20.653099999999998,44.867500000000000,15.017007827758800,9.024904251098629,Serbia
25.134799999999998,47.324700000000000,4.408959388732910,3.765998363494870,Romania
21.947700000000001,43.404000000000003,8.679710388183590,6.031941890716550,Serbia
24.369800000000001,45.082700000000003,13.355976104736300,8.670399665832520,Romania
22.908600000000000,45.871400000000001,12.767803192138700,7.732619285583500,Romania
20.450199999999999,44.798699999999997,17.435964584350600,10.247261047363301,Serbia
26.248999999999999,47.649299999999997,9.605408668518070,6.406192302703860,Romania
19.818999999999999,45.262599999999999,15.885114669799799,9.235164642333981,Serbia
26.068100000000001,47.953200000000002,8.084844589233400,5.588935852050780,Romania
21.234900000000000,45.754700000000000,11.698359489440900,7.573867321014400,Romania
21.204799999999999,45.727899999999998,11.460454940795900,7.545415878295900,Romania
21.151800000000001,45.913400000000003,9.697154045104980,6.494626045227050,Romania
21.173400000000001,44.717500000000001,12.069295883178700,7.581555366516110,Serbia
19.899000000000001,44.273000000000003,9.236199378967280,6.242709159851070,Serbia
20.400200000000002,44.803199999999997,18.761402130126999,10.253887176513700,Serbia
26.651499999999999,44.722999999999999,10.377298355102500,7.056125640869140,Romania
27.730899999999998,46.632100000000001,8.752036094665529,5.986883163452150,Romania
24.559600000000000,46.540999999999997,13.854503631591800,9.544598579406740,Romania
20.931699999999999,44.652299999999997,14.198040962219199,8.513410568237299,Serbia
17.125499999999999,48.124699999999997,13.467685699462900,7.349624633789060,Slovacchia
27.211600000000001,45.696700000000000,10.194954872131300,6.788601398468020,Romania
18.140599999999999,48.283099999999997,9.804789543151861,5.960604190826420,Slovacchia
17.128900000000002,48.158400000000000,11.461074829101600,6.845186233520510,Slovacchia
24.307700000000001,46.333799999999997,9.475368499755859,6.632438659667970,Romania
19.154900000000001,48.735199999999999,9.099472045898439,5.694265842437740,Slovacchia
18.921399999999998,49.059699999999999,9.148159980773929,5.705687999725340,Slovacchia
18.514099999999999,48.667000000000002,8.879568099975589,5.557860374450680,Slovacchia
15.651300000000001,46.558900000000001,11.508213043212900,7.104002475738530,Slovenia
21.285399999999999,48.690199999999997,11.249111175537100,6.815392494201660,Slovacchia
20.874099999999999,48.915599999999998,7.815059185028080,5.084137916564940,Slovacchia
21.266800000000000,48.992500000000000,10.631838798522899,6.360804557800290,Slovacchia
14.512700000000001,46.065500000000000,20.945331573486300,10.390173912048301,Slovenia
24.901800000000001,43.758000000000003,8.724181175231930,6.138897895812990,Romania
18.041300000000000,48.896500000000003,10.165483474731399,6.092325687408450,Slovacchia
21.893100000000000,45.694499999999998,9.502035140991209,6.489558219909670,Romania
21.258800000000001,48.726300000000002,13.036138534545900,7.510422706604000,Slovacchia
18.842500000000001,48.599600000000002,10.554013252258301,6.312787055969240,Slovacchia
25.079699999999999,45.285600000000002,9.700929641723629,6.762446880340580,Romania
18.076799999999999,48.309500000000000,10.390873908996600,6.192322731018070,Slovacchia
17.018999999999998,48.436900000000001,9.014245986938480,5.635369777679440,Slovacchia
14.858100000000000,45.561100000000003,6.235086917877200,4.681817054748540,Slovenia
19.951599999999999,48.583900000000000,6.633079528808590,4.501353263854980,Slovacchia
-8.693899999999999,41.802199999999999,5.778060913085940,5.270832061767580,Portogallo
18.756399999999999,48.733100000000000,7.748183250427250,4.975165843963620,Slovacchia
17.860099999999999,47.959400000000002,10.077387809753400,6.114210605621340,Slovacchia
15.262499999999999,46.234499999999997,12.168140411376999,7.392496109008790,Slovenia
21.687600000000000,48.886400000000002,9.421475410461429,5.760375976562500,Slovacchia
21.913699999999999,48.930900000000001,8.463356018066410,5.419476509094240,Slovacchia
20.925000000000001,44.011600000000001,14.580060005188001,8.739717483520510,Serbia
15.083299999999999,46.143900000000002,10.021146774291999,6.356040000915530,Slovenia
18.628100000000000,48.782699999999998,9.426071166992189,5.755289077758790,Slovacchia
13.652400000000000,45.955599999999997,10.082991600036600,6.427530288696290,Slovenia
22.101400000000002,44.059899999999999,9.952850341796880,6.169270038604740,Serbia
13.713500000000000,45.542999999999999,9.552065849304199,6.869494915008540,Slovenia
14.869500000000000,46.485300000000002,6.507457733154300,4.887988090515140,Slovenia
14.471299999999999,46.048299999999998,14.272744178771999,8.700806617736820,Slovenia
15.111900000000000,46.360300000000002,8.781505584716800,5.946012496948240,Slovenia
21.896599999999999,42.551099999999998,6.681931495666500,5.407798767089840,Serbia
22.260000000000002,49.042800000000000,6.372699737548830,4.439389705657960,Slovacchia
15.177300000000001,45.801800000000000,10.137209892272899,6.460325717926030,Slovenia
21.175200000000000,48.592100000000002,10.643331527710000,6.374670028686520,Slovacchia
25.583100000000002,45.652200000000001,15.658471107482899,8.995654106140140,Romania
17.584900000000001,48.371200000000002,10.411594390869100,6.188044071197510,Slovacchia
-0.916100000000000,41.651400000000002,7.589321136474610,5.800603389739990,Spagna
17.363199999999999,48.680599999999998,9.314470291137701,5.634686946868900,Slovacchia
20.240400000000001,48.631200000000000,6.971515655517580,4.693012714385990,Slovacchia
19.589200000000002,48.943500000000000,5.085451126098630,4.138381004333500,Slovacchia
20.289500000000000,49.151400000000002,4.756108283996580,4.033613681793210,Slovacchia
-0.893600000000000,41.635300000000001,7.362861156463620,5.837417125701900,Spagna
16.191299999999998,46.652099999999997,11.855261802673301,6.938244819641110,Slovenia
18.771200000000000,49.211399999999998,10.475809097290000,6.220097541809080,Slovacchia
-4.350400000000000,39.546300000000002,4.529267787933350,4.594719886779790,Spagna
20.345500000000001,43.893200000000000,13.425992965698200,8.291447639465330,Serbia
-8.923500000000002,42.720799999999997,4.685158252716060,4.263857841491700,Spagna
4.323900000000000,39.876100000000001,5.857947349548340,5.972140312194820,Spagna
26.144500000000001,44.649000000000001,12.025723457336399,7.903807640075680,Romania
22.273700000000002,48.934899999999999,6.816963195800780,4.685125827789310,Slovacchia
27.922599999999999,45.168500000000002,9.308496475219730,6.710575103759770,Romania
14.996100000000000,46.131100000000004,9.903580665588381,6.342059135437010,Slovenia
-3.550600000000000,37.236899999999999,9.970733642578120,8.645937919616699,Spagna
14.364400000000000,46.247599999999998,13.175623893737800,7.852984905242920,Slovenia
19.156900000000000,48.558199999999999,9.403282165527340,5.856210231781010,Slovacchia
-4.849700000000000,43.439200000000000,6.564647674560550,5.911539554595950,Spagna
-3.142500000000000,41.274200000000000,3.599074840545650,3.729040622711180,Spagna
-7.704600000000000,42.634700000000002,4.608999729156490,4.051917552948000,Spagna
22.661999999999999,44.626600000000003,10.274944305419901,6.987537384033200,Serbia
21.837599999999998,48.874000000000002,8.924248695373540,5.577670574188230,Slovacchia
-3.645300000000000,40.408099999999997,10.951110839843800,7.199359416961670,Spagna
-6.555000000000000,37.051900000000003,7.416613101959230,6.830287933349610,Spagna
-6.923300000000000,38.472799999999999,4.723095417022710,4.717288017272950,Spagna
-3.677200000000000,40.451700000000002,9.332048416137701,6.602952003479000,Spagna
-3.686700000000000,40.398099999999999,10.287719726562500,7.075191497802730,Spagna
-6.904500000000000,37.190300000000001,8.475131988525392,7.331062316894530,Spagna
-5.959600000000000,37.384300000000003,11.695866584777800,8.861579895019529,Spagna
-1.100800000000000,39.082799999999999,5.417160987854000,5.385986804962160,Spagna
-3.718600000000000,40.384700000000002,10.628737449646000,6.965564250946040,Spagna
0.734200000000000,41.393300000000004,5.770833969116210,5.046126365661620,Spagna
-3.689700000000000,40.500599999999999,8.528280258178709,6.401749134063720,Spagna
22.273299999999999,43.902099999999997,9.015318870544430,6.117989063262940,Serbia
21.307700000000001,43.585500000000003,13.947061538696300,8.517079353332520,Serbia
-5.377000000000000,36.179400000000001,11.604337692260700,11.353726387023899,Spagna
-0.871100000000000,41.670299999999997,7.989037513732910,6.052904605865480,Spagna
-2.038200000000000,36.847499999999997,12.935666084289601,12.768629074096699,Spagna
-6.844600000000000,37.315399999999997,7.403096199035640,6.832893848419190,Spagna
-3.580600000000000,40.462499999999999,8.831776618957520,6.564981460571290,Spagna
-5.432800000000000,36.174700000000001,11.081972122192401,10.603342056274400,Spagna
-5.897400000000000,41.238900000000001,3.783243656158450,3.858238220214840,Spagna
-5.430300000000000,36.212000000000003,9.226338386535639,9.458467483520510,Spagna
-6.003100000000000,37.394500000000001,10.219248771667500,8.192521095275882,Spagna
-3.749200000000000,40.420000000000002,9.429926872253420,6.782911777496340,Spagna
3.315600000000000,42.319200000000002,6.177679538726810,5.662258148193360,Spagna
-6.938100000000000,37.279600000000002,9.250581741333010,7.747200012207030,Spagna
-2.128200000000000,36.933900000000001,14.125882148742701,14.420281410217299,Spagna
-3.774400000000000,40.518099999999997,7.087227821350100,5.921367168426510,Spagna
-3.711400000000000,40.478299999999997,8.090501785278320,6.322181701660160,Spagna
-3.705000000000000,40.346899999999998,10.146523475646999,6.839775085449220,Spagna
-6.888600000000000,37.219299999999997,7.720465183258060,7.163381099700930,Spagna
-5.391400000000000,36.208799999999997,9.472523689270020,10.302583694458001,Spagna
-3.783900000000000,38.092900000000000,8.623287200927733,7.423525810241700,Spagna
-6.833800000000000,37.281599999999997,8.306527137756349,7.299627304077150,Spagna
-6.676900000000000,37.361300000000000,6.648772239685060,6.378087997436520,Spagna
-2.446700000000000,36.841299999999997,16.653167724609400,15.979319572448700,Spagna
-6.114500000000000,36.660899999999998,10.103859901428200,8.459071159362789,Spagna
-6.268600000000000,36.506000000000000,9.589414596557621,8.861611366271973,Spagna
-4.926800000000000,38.108100000000000,5.776688098907470,5.806554317474370,Spagna
-6.203100000000000,36.460599999999999,9.122025489807131,8.771972656250000,Spagna
-5.666900000000000,37.994300000000003,5.361437320709230,5.460111141204830,Spagna
-3.781600000000000,37.782600000000002,8.725510597229000,7.612953662872310,Spagna
22.099499999999999,44.075800000000001,8.259297370910639,6.144785404205320,Serbia
13.911600000000000,45.937700000000000,8.848438262939450,6.040363311767580,Slovenia
-3.612700000000000,37.196100000000001,13.538481712341300,10.012528419494600,Spagna
-5.453400000000000,36.136200000000002,13.691149711608899,13.369270324706999,Spagna
-6.042500000000000,37.340800000000002,9.987348556518560,8.154257774353029,Spagna
20.322800000000001,49.034700000000001,7.210218429565430,4.776411533355710,Slovacchia
-4.447500000000000,36.719600000000000,11.110982894897500,9.718308448791500,Spagna
-1.770800000000000,37.252200000000002,9.872612953186040,9.511759757995611,Spagna
-4.779600000000000,37.902700000000003,8.198381423950202,7.403782844543460,Spagna
-3.517300000000000,36.743099999999998,10.693371772766101,9.880052566528320,Spagna
-3.010200000000000,38.174399999999999,6.473182201385500,6.420321464538570,Spagna
-5.743700000000000,36.739800000000002,7.780817508697510,7.478390693664550,Spagna
-4.762300000000000,37.892600000000002,9.154067993164061,7.547139167785640,Spagna
-5.531600000000000,36.794499999999999,7.394968986511230,7.279490470886230,Spagna
-2.811000000000000,36.769700000000000,18.666288375854499,17.064094543456999,Spagna
-5.979600000000000,37.347200000000001,10.882327079772899,8.552627563476562,Spagna
-3.810300000000000,37.784399999999998,8.735643386840820,7.598465919494630,Spagna
-5.833700000000000,37.342500000000001,10.002891540527299,8.245894432067869,Spagna
-5.913800000000000,37.284500000000001,11.139111518859901,8.572376251220700,Spagna
14.533300000000001,46.297400000000003,7.247753143310550,5.408145427703860,Slovenia
-1.895400000000000,36.996800000000000,10.387120246887200,10.758347511291500,Spagna
-6.807500000000000,37.133800000000001,8.039014816284180,7.245907783508300,Spagna
-2.390500000000000,36.865000000000002,17.749942779541001,16.566495895385700,Spagna
-5.663500000000000,36.233899999999998,8.180788040161129,8.146654129028320,Spagna
21.245000000000001,48.753200000000000,10.233652114868200,6.460618495941160,Slovacchia
-4.561000000000000,36.727800000000002,10.201393127441399,8.960199356079100,Spagna
-4.863000000000000,36.511000000000003,9.618431091308590,8.912396430969240,Spagna
-5.661400000000000,36.649600000000000,7.207726478576660,7.209049224853520,Spagna
-1.143300000000000,41.762799999999999,7.158450126647950,5.455918788909910,Spagna
-3.619300000000000,37.135599999999997,12.003870964050300,9.788267135620121,Spagna
-6.036200000000000,37.555000000000000,6.559752464294430,6.335032939910890,Spagna
-4.801700000000000,38.132500000000000,5.941227912902830,6.004970073699950,Spagna
-4.815800000000000,37.875200000000000,8.469478607177733,7.299540519714360,Spagna
-2.159200000000000,36.958100000000002,17.275901794433601,16.088699340820298,Spagna
0.191100000000000,41.916100000000000,5.579967975616460,4.865948200225830,Spagna
-6.570400000000000,37.016100000000002,7.308122634887700,6.790461540222170,Spagna
-2.463200000000000,36.923099999999998,21.728075027465799,20.748035430908200,Spagna
-0.290800000000000,40.946700000000000,4.679596900939940,4.625869274139400,Spagna
-6.734100000000000,37.104100000000003,6.798379898071290,6.639751911163330,Spagna
-4.844800000000000,36.962299999999999,8.096353530883793,7.617058753967290,Spagna
-5.705700000000000,43.306899999999999,8.398277282714840,5.388302803039550,Spagna
20.987200000000001,48.782899999999998,6.626078605651860,4.756978511810300,Slovacchia
-1.979100000000000,37.192999999999998,13.327131271362299,12.498839378356900,Spagna
-0.363300000000000,41.321100000000001,6.219521999359130,5.254105091094970,Spagna
-1.106700000000000,40.336399999999998,4.646597862243650,4.720594882965090,Spagna
-5.673500000000000,43.529899999999998,8.073705673217770,5.771829128265380,Spagna
-5.866400000000000,43.358300000000000,9.796403884887701,6.427056312561040,Spagna
-5.958300000000000,43.570500000000003,12.968687057495099,8.354732513427733,Spagna
-1.961500000000000,36.950000000000003,13.905029296875000,11.550165176391600,Spagna
-5.689700000000000,43.306699999999999,5.930192470550540,4.878821372985840,Spagna
-5.985700000000000,43.343000000000004,6.587826728820800,5.381995201110840,Spagna
2.621700000000000,39.564500000000002,9.041903495788571,7.275962829589840,Spagna
-0.138900000000000,41.054200000000002,4.969234466552730,4.615358829498290,Spagna
-2.046700000000000,36.895099999999999,15.478083610534700,13.963892936706500,Spagna
0.181900000000000,42.457799999999999,3.343903779983520,3.912693023681640,Spagna
-5.898900000000000,43.550300000000000,7.400208950042720,5.926516532897950,Spagna
-1.842200000000000,37.138800000000003,11.605186462402299,11.250752449035600,Spagna
-5.775900000000000,43.256100000000004,7.003382205963130,5.203797340393070,Spagna
1.310100000000000,38.994399999999999,6.433115959167480,6.331386566162110,Spagna
3.075300000000000,39.791200000000003,6.554844856262210,6.081392765045170,Spagna
-6.552700000000000,43.178800000000003,4.079054832458500,3.651538133621220,Spagna
-5.679600000000000,43.294100000000000,5.973831653594970,4.758604526519780,Spagna
-0.151900000000000,41.505600000000001,6.003467082977290,4.968116760253910,Spagna
-0.403900000000000,42.136099999999999,5.129845619201660,4.615039348602290,Spagna
4.253000000000000,39.890900000000002,5.626889705657960,5.648460865020750,Spagna
-5.596000000000000,43.275700000000001,4.833240032196040,4.468540668487550,Spagna
-0.156100000000000,41.797800000000002,5.747300148010250,4.789263725280760,Spagna
1.434900000000000,38.907200000000003,6.950284004211430,6.773795604705810,Spagna
-5.802800000000000,43.401499999999999,9.761710166931151,6.193515300750730,Spagna
-0.326700000000000,41.288300000000000,6.202951908111570,5.211617469787600,Spagna
3.028200000000000,39.840800000000002,6.232167243957520,5.989455699920650,Spagna
3.016000000000000,39.748500000000000,6.301568031311040,6.019479751586910,Spagna
2.701100000000000,39.547699999999999,6.913875102996830,6.527049064636230,Spagna
-0.218900000000000,41.279699999999998,5.994960784912110,5.142142295837400,Spagna
2.648100000000000,39.635599999999997,7.519310951232910,6.626699924468990,Spagna
3.145400000000000,39.834800000000001,6.504135608673100,6.297607898712160,Spagna
2.687800000000000,39.678800000000003,6.487437248229980,6.400954723358150,Spagna
2.900700000000000,39.830199999999998,5.795923709869380,5.880016803741460,Spagna
3.857600000000000,40.010599999999997,5.543034553527830,5.538164615631100,Spagna
-4.062800000000000,43.264400000000002,5.981931209564210,4.719028472900390,Spagna
-4.253100000000000,43.153300000000002,3.917338848114010,3.658487558364870,Spagna
-3.790300000000000,43.467799999999997,5.230858325958250,4.626918315887450,Spagna
-0.057500000000000,40.841900000000003,4.424615383148190,4.314927101135251,Spagna
-4.064200000000000,43.346400000000003,7.207818508148190,5.269631862640380,Spagna
-4.135600000000000,43.011899999999997,3.964831590652470,3.635768175125120,Spagna
-4.088600000000000,38.682000000000002,9.136281967163089,6.598482608795170,Spagna
-3.841100000000000,43.420800000000000,6.326694488525390,4.930901527404790,Spagna
-4.042800000000000,43.367500000000000,7.809056758880620,5.596617221832280,Spagna
-3.171600000000000,40.629800000000003,6.103802680969240,5.220310211181640,Spagna
-4.112000000000000,38.702700000000000,5.822001457214360,5.989264011383060,Spagna
-3.636100000000000,42.336100000000002,4.884266376495360,4.197052478790280,Spagna
-5.587200000000000,42.603900000000003,5.853760242462160,4.542914390563960,Spagna
-6.520800000000000,42.625599999999999,3.782387971878050,3.486564636230470,Spagna
-1.852100000000000,38.979300000000002,7.445324897766110,6.280331611633300,Spagna
-3.937800000000000,38.993899999999996,7.131174564361570,6.067014694213870,Spagna
-2.129700000000000,40.061900000000001,5.021876811981200,4.794517517089840,Spagna
-3.832800000000000,40.119199999999999,7.677286624908450,6.033844947814940,Spagna
-3.220600000000000,43.382500000000000,5.233900547027590,4.600502490997310,Spagna
-4.020800000000001,39.868099999999998,6.430308341979980,5.412242889404300,Spagna
-6.725600000000000,42.558599999999998,3.641484737396240,3.472280025482180,Spagna
-0.364700000000000,41.225299999999997,5.466254711151120,4.833780765533450,Spagna
-4.845700000000000,39.958599999999997,7.130513191223140,5.613951683044430,Spagna
-4.827200000000000,42.703600000000002,3.114825248718260,3.254604339599610,Spagna
-3.264600000000000,40.570999999999998,7.214821338653560,5.715065002441410,Spagna
-4.909200000000000,41.316400000000002,4.971787452697750,4.407231807708740,Spagna
-5.665300000000000,40.979199999999999,5.033198356628420,4.314867019653321,Spagna
-6.603900000000000,42.781399999999998,2.923600435256960,3.280117273330690,Spagna
-3.808600000000000,43.460599999999999,5.315183639526370,4.692692756652830,Spagna
-4.840800000000000,42.795299999999997,3.219443321228030,3.243423938751220,Spagna
-4.494400000000000,41.961399999999998,4.961130619049070,4.236711502075200,Spagna
-4.108300000000000,38.680700000000002,6.524194717407230,6.077508926391600,Spagna
-3.675600000000000,42.350800000000000,4.911847114562990,4.234316349029540,Spagna
-6.643300000000000,42.611699999999999,3.443402051925660,3.322855949401860,Spagna
-2.917500000000000,42.684399999999997,6.643398284912110,4.996123790740970,Spagna
-5.623600000000000,42.802799999999998,4.263985157012941,3.903199434280400,Spagna
-4.715000000000000,41.666400000000003,5.666337013244630,4.725873470306400,Spagna
-5.638900000000000,42.715600000000002,4.138940811157230,3.681227684021000,Spagna
1.825300000000000,41.730300000000000,12.615222930908200,8.251759529113770,Spagna
-4.746700000000000,41.620600000000003,6.375526905059810,4.947391510009770,Spagna
2.125000000000000,41.515599999999999,15.459653854370099,9.476933479309080,Spagna
-3.475300000000000,42.951900000000002,4.965376377105710,4.266072750091550,Spagna
-2.466700000000000,41.766700000000000,4.846105098724370,4.273369312286380,Spagna
2.204500000000000,41.403900000000000,13.637656211853001,9.391063690185550,Spagna
1.120200000000000,41.150799999999997,9.080052375793461,6.942062854766850,Spagna
2.164900000000000,41.387400000000000,15.508494377136200,10.441779136657701,Spagna
-4.465800000000000,41.948099999999997,4.808125019073490,4.224595546722411,Spagna
1.974900000000000,41.450800000000001,14.372882843017599,9.089235305786129,Spagna
1.239700000000000,41.159500000000001,13.022410392761200,8.598767280578610,Spagna
-6.584700000000000,42.542800000000000,3.871813297271730,3.642634391784670,Spagna
1.721300000000000,41.219000000000001,10.837213516235400,7.790097713470460,Spagna
2.007400000000000,41.556100000000001,13.106557846069300,8.548001289367679,Spagna
1.625900000000000,41.577599999999997,9.365942955017090,6.833673000335690,Spagna
1.151800000000000,41.112099999999998,9.186627388000490,6.919363975524900,Spagna
-4.538300000000000,42.019399999999997,5.246259689331050,4.361846446990971,Spagna
-6.223900000000000,40.569699999999997,3.605423688888550,3.706986188888550,Spagna
1.130000000000000,42.405400000000000,2.958596706390380,3.407115936279300,Spagna
2.495800000000000,41.689000000000000,10.402260780334499,7.489041328430180,Spagna
2.009800000000000,41.392200000000003,14.135614395141600,9.229328155517580,Spagna
-5.746400000000000,41.509700000000002,5.088971614837650,4.263592243194580,Spagna
2.188300000000000,41.481999999999999,14.292308807373001,9.601198196411129,Spagna
1.776800000000000,42.368299999999998,3.338437318801880,3.664092063903810,Spagna
1.200800000000000,41.103700000000003,10.213224411010700,8.052734375000000,Spagna
0.615700000000000,41.615800000000000,9.198281288146971,6.439436912536620,Spagna
-4.700800000000000,40.664700000000003,4.409350872039790,4.399132251739500,Spagna
-5.566400000000000,42.575299999999999,6.142110824584960,4.653229713439940,Spagna
-4.110600000000000,40.955599999999997,4.575069427490230,4.501519203186040,Spagna
-3.688900000000000,41.665599999999998,4.635544776916500,4.302523136138920,Spagna
2.874200000000000,41.884900000000002,9.987513542175289,7.174482822418210,Spagna
-5.089700000000000,43.041400000000003,2.992501735687260,3.355214118957520,Spagna
2.089000000000000,41.476799999999997,14.677030563354499,9.270491600036619,Spagna
3.037400000000000,41.959299999999999,8.265314102172850,6.303291797637940,Spagna
1.755300000000000,41.831000000000003,7.794574737548830,5.975172042846680,Spagna
2.101400000000000,41.561199999999999,13.239656448364300,8.810548782348629,Spagna
-2.856900000000000,41.723599999999998,3.453633546829220,3.568699836730960,Spagna
2.842100000000000,42.392000000000003,5.488716125488280,4.640312671661380,Spagna
2.422000000000000,41.530400000000000,12.075109481811500,8.305994987487789,Spagna
0.581700000000000,40.706699999999998,7.416920661926270,5.998322010040280,Spagna
3.212900000000000,41.958700000000000,7.322253704071040,6.155535221099850,Spagna
2.287300000000000,42.003300000000003,7.698441028594970,6.197773456573490,Spagna
2.510200000000000,42.143300000000004,6.255382537841800,5.481471538543700,Spagna
2.212100000000000,41.549199999999999,14.694735527038601,9.294239997863770,Spagna
0.288400000000000,40.643000000000001,5.585004329681400,5.170926570892330,Spagna
1.672200000000000,41.202199999999998,10.505364418029799,7.503382682800290,Spagna
2.214300000000000,42.312100000000001,3.295242786407470,3.988215923309330,Spagna
2.013800000000000,41.313499999999998,12.148549079895000,8.733525276184080,Spagna
2.148000000000000,41.426099999999998,16.689769744873001,10.899188041686999,Spagna
1.193000000000000,41.906599999999997,5.089589118957520,4.861693382263180,Spagna
2.269200000000000,41.481499999999997,14.528481483459499,9.561856269836429,Spagna
2.238600000000000,41.935699999999997,9.779121398925779,6.856201171875000,Spagna
2.223000000000000,41.846600000000002,8.674222946166990,6.677562236785890,Spagna
0.530000000000000,40.552799999999998,6.532974720001220,5.740761280059810,Spagna
1.848200000000000,42.097900000000003,5.570881366729740,4.694510459899900,Spagna
1.595000000000000,41.268099999999997,9.265796661376950,7.050634384155270,Spagna
1.179900000000000,41.278399999999998,7.111128807067870,6.022931575775150,Spagna
-0.190000000000000,38.966700000000003,8.908686637878420,7.110279560089110,Spagna
0.729600000000000,42.051299999999998,3.948326587677000,4.094217777252200,Spagna
2.287100000000000,41.598700000000001,14.776524543762200,9.158899307250980,Spagna
1.858100000000000,42.102300000000000,4.922137260437010,4.628237247467040,Spagna
1.686600000000000,41.346800000000002,10.252770423889199,7.361875057220460,Spagna
-0.233300000000000,39.962800000000001,7.356977462768550,6.101388454437260,Spagna
0.831100000000000,41.008200000000002,6.687421321868900,5.667513370513920,Spagna
1.991500000000000,41.303100000000001,11.139418601989700,8.476045608520510,Spagna
0.912900000000000,41.009500000000003,6.865972042083740,5.867320537567140,Spagna
2.358000000000000,41.779299999999999,7.508301734924320,5.876115798950200,Spagna
2.162400000000000,41.634700000000002,11.844367980956999,8.129602432250980,Spagna
-0.447200000000000,39.481099999999998,10.998174667358400,8.099995613098139,Spagna
0.755100000000000,41.100700000000003,6.588887214660640,5.582725048065190,Spagna
1.999600000000000,41.400799999999997,13.717451095581101,9.150532722473139,Spagna
0.829900000000000,41.544100000000000,7.025799751281740,5.589708805084230,Spagna
-0.234700000000000,39.667200000000001,8.529339790344240,6.836511135101320,Spagna
-0.036100000000000,39.959200000000003,9.369351387023929,6.927242755889890,Spagna
0.831300000000000,40.939599999999999,6.831498146057130,5.820041656494140,Spagna
2.816600000000000,41.976399999999998,10.061561584472701,7.059565544128420,Spagna
-0.057200000000000,40.012799999999999,7.793234348297120,6.401307582855220,Spagna
-0.368300000000000,39.478099999999998,10.775995254516600,8.018482208251950,Spagna
0.439700000000000,41.058199999999999,6.242167472839360,5.370879173278810,Spagna
2.556700000000000,41.746299999999998,9.353849411010740,6.897849559783940,Spagna
0.010600000000000,39.981900000000003,8.378635406494142,6.734578132629390,Spagna
-0.206400000000000,40.068600000000004,6.307457923889160,5.807772159576420,Spagna
-0.682800000000000,38.242199999999997,8.791435241699222,7.315923690795900,Spagna
0.372800000000000,40.554699999999997,6.403654575347900,5.519286155700680,Spagna
-0.638000000000000,38.436100000000003,7.199479579925540,6.408093452453610,Spagna
-0.417800000000000,39.509399999999999,10.492775917053200,7.558049678802490,Spagna
-0.471900000000000,38.359400000000001,7.990988731384280,7.054693222045900,Spagna
-0.717500000000000,38.259200000000000,8.620987892150882,7.178001880645750,Spagna
-1.281400000000000,39.558599999999998,5.576645851135250,5.241874694824220,Spagna
-0.457800000000000,39.149999999999999,10.157922744751000,7.212890625000000,Spagna
-0.249200000000000,40.416699999999999,4.129415035247800,4.163261890411380,Spagna
-0.056400000000000,39.945300000000003,8.958725929260250,6.906840801239010,Spagna
0.084700000000000,40.691699999999997,4.463232040405270,4.526535034179690,Spagna
-0.091100000000000,40.637200000000000,4.528122901916500,4.591961860656740,Spagna
-0.189700000000000,40.051900000000003,7.124619483947750,5.973464965820310,Spagna
-0.852800000000000,38.084699999999998,9.223326683044430,7.732793331146240,Spagna
0.072800000000000,40.062199999999997,7.217015743255620,6.131853580474850,Spagna
-0.265800000000000,39.634200000000000,8.962662696838382,7.128889083862300,Spagna
-0.169400000000000,40.734999999999999,4.413017272949220,4.339223384857181,Spagna
-0.105800000000000,39.941699999999997,8.265778541564940,6.487295627593990,Spagna
-6.440000000000000,42.877800000000001,2.581581830978390,2.835993766784670,Spagna
-0.441400000000000,38.934699999999999,8.020100593566889,6.542565345764160,Spagna
-0.690000000000000,37.991100000000003,8.604862213134769,7.733745098114010,Spagna
-0.466900000000000,38.706400000000002,7.464175224304200,6.294234275817870,Spagna
-0.803300000000000,38.454700000000003,8.419716835021973,6.836204528808590,Spagna
2.016000000000000,41.413600000000002,15.265156745910600,9.423921585083010,Spagna
-0.697200000000000,38.788100000000000,6.606008052825930,6.025862693786620,Spagna
-1.064700000000000,38.451700000000002,6.601766109466550,6.043856143951420,Spagna
-0.460800000000000,39.551400000000001,9.580674171447750,7.310532093048100,Spagna
-0.783900000000000,39.427199999999999,7.265889167785640,6.104312419891360,Spagna
-0.078900000000000,40.269399999999997,5.677101135253910,5.275700569152830,Spagna
-0.506700000000000,38.340299999999999,9.280432701110840,7.286528587341310,Spagna
-0.065000000000000,39.892200000000003,8.024795532226562,6.673781394958500,Spagna
-0.468300000000000,40.054200000000002,4.845850467681880,4.893730640411380,Spagna
1.859300000000000,41.242400000000004,10.428048133850099,7.754525184631350,Spagna
-1.253900000000000,40.099400000000003,4.509072780609130,4.576614379882810,Spagna
2.437300000000000,41.551900000000003,11.868726730346699,8.179374694824222,Spagna
-0.336700000000000,39.705300000000001,7.651834964752200,6.295476436614990,Spagna
-0.831900000000000,39.708100000000002,5.648695945739750,5.246559143066410,Spagna
-0.034400000000000,40.174999999999997,6.428246974945070,5.559442520141600,Spagna
-0.146700000000000,38.571399999999997,7.254745960235600,6.472965240478520,Spagna
-0.513900000000000,38.351100000000002,8.840921401977543,7.207938671112060,Spagna
-0.603300000000000,39.930599999999998,5.008092880249020,5.142169952392580,Spagna
0.709200000000000,40.383299999999998,6.348458766937260,5.979178428649900,Spagna
-4.732500000000000,41.600000000000001,6.375526905059810,4.778917312622070,Spagna
-7.737700000000000,43.532899999999998,4.515850067138670,3.928422212600710,Spagna
-8.194400000000000,43.177000000000000,5.018342971801760,4.334267616271970,Spagna
-6.147200000000000,40.077800000000003,4.281529426574710,4.121232509613040,Spagna
-8.747000000000000,42.202900000000000,6.891748905181880,5.638516426086430,Spagna
-7.988600000000000,43.405400000000000,4.760430812835690,4.173858642578120,Spagna
-8.555000000000000,43.259700000000002,5.077781200408940,4.386942386627200,Spagna
-7.011500000000000,38.887599999999999,5.682956695556640,5.056600570678710,Spagna
-7.847800000000000,43.453899999999997,4.764373302459720,4.063822746276860,Spagna
-8.424899999999999,43.354199999999999,6.585294246673580,5.071436882019040,Spagna
-8.496400000000000,43.093499999999999,5.699187278747560,4.632656574249270,Spagna
-8.506000000000000,43.302300000000002,4.993859767913820,4.600641250610350,Spagna
-6.360300000000000,39.472799999999999,6.112922191619870,5.126669406890870,Spagna
-7.449400000000000,42.715299999999999,4.168408393859860,3.656150817871090,Spagna
-8.531100000000000,42.887799999999999,6.963972091674800,5.176506996154790,Spagna
-6.338100000000000,38.907499999999999,6.286963939666750,5.402551174163820,Spagna
-0.359200000000000,39.782200000000003,6.917423725128170,5.917165756225590,Spagna
-7.877900000000000,42.353000000000002,5.656064033508300,4.483648777008060,Spagna
-8.472000000000000,43.335299999999997,6.501937389373780,5.002340316772460,Spagna
-5.939700000000000,39.849200000000003,4.894967555999760,4.442375659942630,Spagna
-6.395000000000000,38.429200000000002,5.147065639495850,5.133355617523190,Spagna
-0.625600000000000,39.564700000000002,7.989881992340090,6.474615573883060,Spagna
-7.408900000000000,42.061599999999999,3.230252504348750,3.450146198272710,Spagna
0.425000000000000,40.546100000000003,6.855189800262450,5.769031047821040,Spagna
-9.186100000000000,42.953600000000002,4.363059043884280,4.108227252960211,Spagna
-8.150200000000000,43.519700000000000,6.258352279663090,4.883578777313230,Spagna
-7.693700000000000,43.313000000000002,4.983559608459470,4.220806121826170,Spagna
-7.507800000000000,43.686300000000003,4.964926719665530,4.366383075714111,Spagna
-8.252200000000000,43.491599999999998,7.307250976562500,5.464975357055660,Spagna
-8.670299999999999,42.404699999999998,6.711015224456790,5.165479183197020,Spagna
-7.431900000000000,43.684399999999997,6.628427982330320,4.942382335662840,Spagna
-7.378900000000000,43.669400000000003,4.774408340454100,4.350995540618900,Spagna
-0.934400000000000,39.260800000000003,6.060742378234860,5.484077930450440,Spagna
-7.550900000000000,42.997900000000001,5.530961513519290,4.384192943573000,Spagna
-8.318700000000000,43.244599999999998,5.743537902832030,4.646226406097410,Spagna
0.799200000000000,40.880699999999997,6.877541065216060,5.843046188354490,Spagna
-8.545000000000000,43.147799999999997,5.323866844177250,4.494501113891600,Spagna
-9.118900000000000,43.008899999999997,4.178008079528811,4.075457096099850,Spagna
-8.471600000000000,43.186599999999999,5.693408489227290,4.611403942108150,Spagna
-3.378000000000000,40.479300000000002,8.183252334594730,6.176512241363530,Spagna
-3.801000000000000,40.281500000000001,9.342518806457520,6.669102191925050,Spagna
-8.506800000000000,42.909199999999998,6.621126651763920,5.092022418975830,Spagna
-3.876800000000000,40.324199999999998,9.798284530639650,6.816650390625000,Spagna
-1.653000000000000,42.805999999999997,7.329699516296390,5.327695369720460,Spagna
-4.014300000000001,40.633899999999997,7.233145236968990,5.674626350402830,Spagna
-1.284000000000000,42.579000000000001,4.035225868225101,3.911493778228760,Spagna
-3.221100000000000,40.287599999999998,5.298420429229740,5.041721343994140,Spagna
-3.868900000000000,40.446100000000001,8.059931755065920,6.227425098419190,Spagna
-3.591400000000000,40.033299999999997,6.141180515289310,5.517642021179200,Spagna
2.087100000000000,41.617899999999999,10.406983375549300,8.011337280273439,Spagna
-3.542900000000000,40.359699999999997,9.332281112670900,6.776578426361080,Spagna
-0.914400000000000,37.601999999999997,11.677211761474600,9.377935409545900,Spagna
-2.977200000000000,43.302700000000002,10.473339080810501,6.740338802337650,Spagna
-4.398100000000001,40.367699999999999,5.148383617401120,4.895101547241210,Spagna
-2.945700000000000,43.258800000000001,12.002377510070801,7.404984951019290,Spagna
-3.680300000000000,40.185200000000002,8.034493446350099,6.235569477081300,Spagna
-3.112700000000000,43.320700000000002,9.696318626403810,6.190177440643310,Spagna
-3.773900000000000,40.664600000000000,6.037307262420650,5.246719360351560,Spagna
-4.275200000000000,40.247900000000001,6.195950031280520,5.234969615936280,Spagna
-3.477600000000000,40.449500000000000,8.763032913208010,6.433750629425050,Spagna
-3.503300000000000,40.599699999999999,8.037128448486330,6.228513717651370,Spagna
-3.276600000000000,40.167200000000001,5.403098106384280,5.050462722778320,Spagna
-1.145900000000000,37.992300000000000,11.461042404174799,8.856540679931642,Spagna
-3.074100000000000,43.320500000000003,9.131709098815920,6.427466869354250,Spagna
-1.232100000000000,37.974499999999999,10.259467124939000,8.337551116943359,Spagna
-3.542400000000000,40.430599999999998,9.409098625183100,6.803078651428220,Spagna
-2.963400000000000,43.144100000000002,6.218005180358890,4.962169170379640,Spagna
-3.467900000000000,40.908999999999999,4.155992031097411,4.220977306365971,Spagna
-3.458800000000000,40.300699999999999,7.418244361877440,6.033921718597410,Spagna
-1.702800000000000,37.687800000000003,8.458793640136722,7.850426673889160,Spagna
-1.977700000000000,43.267499999999998,7.823697566986080,5.280118942260740,Spagna
-1.868700000000000,38.114699999999999,7.364898681640620,6.780702114105220,Spagna
-1.628000000000000,42.073999999999998,6.265156745910640,4.917994976043700,Spagna
-8.351300000000000,43.116000000000000,5.473801136016850,4.459840297698970,Spagna
-0.926500000000000,37.574399999999997,11.275813102722200,9.677603721618651,Spagna
-1.810000000000000,42.307000000000002,6.012759685516360,4.805435180664060,Spagna
-2.173000000000000,42.898000000000003,5.086443901062010,4.297719478607181,Spagna
-2.637900000000000,43.168300000000002,7.083794116973880,5.226639747619630,Spagna
-1.065900000000000,37.692500000000003,9.242323875427250,8.134365081787109,Spagna
-3.702200000000000,40.780600000000000,5.061152935028080,5.088949680328370,Spagna
-2.667800000000000,42.856099999999998,7.676705360412600,5.420465469360350,Spagna
-2.490400000000000,43.064200000000000,6.125858306884770,4.797285556793210,Spagna
-3.231700000000000,42.875200000000000,4.936895847320560,4.188359260559081,Spagna
-2.268200000000000,43.180399999999999,5.859214782714840,4.630645275115970,Spagna
-2.232000000000000,42.341000000000001,4.556275844573970,4.132253170013431,Spagna
-2.703200000000000,43.405900000000003,5.184884548187260,4.769884586334230,Spagna
-2.010900000000000,43.309399999999997,5.199314117431640,4.677062511444090,Spagna
-2.661400000000000,42.843600000000002,7.540332317352290,5.397426605224610,Spagna
-2.078000000000000,43.130800000000001,5.580418109893800,4.547463417053220,Spagna
-2.059000000000000,42.340000000000003,6.086658000946040,4.763470172882080,Spagna
15.630500000000000,58.411000000000001,3.765638351440430,3.169457197189330,Svezia
17.635700000000000,59.860100000000003,3.712418794631960,3.152868032455440,Svezia
12.568400000000000,56.200200000000002,4.667447566986080,3.745292663574220,Svezia
12.829700000000001,55.869700000000002,5.516915321350100,4.044772148132320,Svezia
18.048999999999999,59.317100000000003,4.880627155303960,3.894015550613400,Svezia
-2.883700000000000,43.241100000000003,7.885807991027830,5.753071308135990,Spagna
-1.960700000000000,43.322000000000003,6.405846595764160,4.991478443145750,Spagna
13.006200000000000,55.584699999999998,6.243276596069340,4.355613231658940,Svezia
-3.134400000000000,43.212899999999998,6.281648635864260,5.001329421997070,Spagna
12.691300000000000,56.047300000000000,5.579866409301760,4.289263725280760,Svezia
-2.239000000000000,42.439999999999998,6.291963577270510,4.805242061614990,Spagna
-2.393700000000000,42.848999999999997,5.194108009338380,4.490715503692630,Spagna
17.634799999999998,59.201300000000003,3.099679946899410,2.888966321945190,Svezia
17.858699999999999,59.349800000000002,3.073412179946900,2.881515264511110,Svezia
-2.428000000000000,42.463999999999999,7.445739269256590,5.343728065490720,Spagna
17.928899999999999,59.423699999999997,3.618925094604490,3.098446607589720,Svezia
17.838300000000000,59.237099999999998,3.283093929290770,2.937191486358640,Svezia
-1.744000000000000,42.176000000000002,6.008435726165770,4.749722480773930,Spagna
11.970200000000000,57.709000000000003,5.178203105926510,3.959361791610720,Svezia
12.709400000000000,56.043100000000003,5.590298652648930,4.209427833557130,Svezia
13.180300000000001,55.703299999999999,5.750989913940430,4.098203182220460,Svezia
-2.155000000000000,43.250599999999999,5.536268234252930,4.528917789459230,Spagna
15.319699999999999,63.845500000000001,1.200479149818420,1.863866448402400,Svezia
17.621099999999998,59.198099999999997,3.338538408279420,2.884997844696040,Svezia
13.002000000000001,55.606400000000001,6.637535095214840,4.373762607574460,Svezia
13.150000000000000,56.028100000000002,4.566132068634030,3.535549402236940,Svezia
-2.619400000000000,42.518300000000004,6.017419338226320,4.731838226318360,Spagna
-2.191400000000000,43.048099999999998,5.710453033447270,4.616589069366460,Spagna
17.388100000000001,58.806100000000001,2.467283248901370,2.610899925231930,Svezia
21.062999999999999,67.878600000000006,1.196932435035710,1.829975605010990,Svezia
18.631300000000000,59.832400000000000,2.545353412628170,2.582871198654170,Svezia
11.914199999999999,57.393700000000003,3.563897132873540,3.398587703704830,Svezia
15.353999999999999,56.308300000000003,3.533615112304690,2.990841865539550,Svezia
13.178000000000001,60.823000000000000,1.644718766212460,2.078163862228390,Svezia
18.298999999999999,63.052999999999997,1.494441509246830,2.100664377212520,Svezia
13.495300000000000,59.378399999999999,2.838391542434690,2.810805797576900,Svezia
12.441000000000001,63.771000000000001,1.086544156074520,1.720287322998050,Norvegia
13.516000000000000,62.014000000000003,1.182472109794620,1.809850454330440,Svezia
17.123999999999999,59.756000000000000,2.477979421615600,2.573450326919560,Svezia
18.105200000000000,65.405100000000004,1.093773245811460,1.809022665023800,Svezia
20.624900000000000,66.066000000000003,1.181458473205570,1.830791592597960,Svezia
18.239000000000001,59.173999999999999,2.587208271026610,2.581482648849490,Svezia
13.200799999999999,55.700800000000001,5.685201168060300,4.091385841369630,Svezia
12.189399999999999,58.601900000000001,2.627174377441410,2.789342164993290,Svezia
15.564700000000000,57.810800000000000,2.422842025756840,2.500295162200930,Svezia
17.632300000000001,59.098399999999998,2.663789033889770,2.697735786437990,Svezia
18.150700000000001,56.922400000000003,3.517597198486330,3.037296056747440,Svezia
16.976099999999999,58.953800000000001,2.440002679824830,2.562528133392330,Svezia
14.379600000000000,57.054800000000000,2.874213933944700,2.817841053009030,Svezia
13.167400000000001,56.771299999999997,3.415458679199220,3.064937114715580,Svezia
12.909400000000000,59.821399999999997,2.162068367004390,2.475423336029050,Svezia
12.929800000000000,59.132700000000000,2.600533723831180,2.625420093536380,Svezia
15.932399999999999,59.349499999999999,2.208455562591550,2.422896385192870,Svezia
14.153200000000000,56.031500000000001,4.879335403442380,3.641431808471680,Svezia
20.939800000000002,64.086500000000001,1.531458377838130,2.024551153182980,Svezia
16.506499999999999,60.814799999999998,1.702146291732790,2.203977346420290,Svezia
19.062999999999999,68.352999999999994,0.946804165840149,1.640713453292850,Svezia
16.321200000000001,62.280900000000003,1.337854266166690,1.911529064178470,Svezia
12.015100000000000,57.658000000000001,4.411266326904301,3.750749588012700,Svezia
20.258500000000002,63.828899999999997,2.892680644989010,2.696319341659550,Svezia
15.348000000000001,57.511000000000003,2.586359500885010,2.568629741668700,Svezia
14.646200000000000,56.299700000000001,3.719123601913450,3.118047714233400,Svezia
12.914099999999999,61.575600000000001,1.276303529739380,1.869392037391660,Svezia
19.767199999999999,64.244200000000006,1.454029321670530,1.968231439590450,Svezia
15.144700000000000,58.767699999999998,2.354306221008300,2.443651437759400,Svezia
16.427700000000002,56.225700000000003,4.060864448547360,3.269960880279540,Svezia
11.737299999999999,58.433900000000001,2.973583459854130,2.902698040008540,Svezia
-0.244400000000000,39.823599999999999,7.454503059387210,6.209086894989010,Spagna
6.639600000000000,46.521999999999998,8.167937278747560,5.239646434783940,Svizzera
16.177900000000001,58.588999999999999,3.221011638641360,2.915849685668950,Svezia
14.158899999999999,57.776499999999999,3.818503856658940,3.179056644439700,Svezia
6.944500000000000,46.813099999999999,8.411587715148929,5.227568626403810,Svizzera
8.957100000000002,46.011099999999999,10.231184959411600,6.329975128173830,Svizzera
16.116000000000000,65.971999999999994,1.006717085838320,1.701114296913150,Svezia
15.629400000000000,60.608300000000000,2.550001859664920,2.565641880035400,Svezia
14.782500000000001,57.164499999999997,2.810879707336430,2.768222570419310,Svezia
16.322500000000002,58.478499999999997,2.720206260681150,2.677643299102780,Svezia
17.308900000000001,62.388599999999997,2.432397365570070,2.541421175003050,Svezia
17.147099999999998,60.671500000000002,3.020996809005740,2.783676624298100,Svezia
6.979200000000000,47.049500000000002,6.506689548492430,4.609391689300540,Svizzera
14.531900000000000,56.277500000000003,3.944206953048710,3.202380657196040,Svezia
8.364400000000000,47.478200000000001,10.245898246765099,6.143618583679200,Svizzera
16.291699999999999,56.856000000000002,2.981055021286010,2.868110179901120,Svezia
11.960500000000000,57.697899999999997,4.692133426666260,3.893926620483400,Svezia
15.036700000000000,58.537900000000000,3.190129518508910,2.866455554962160,Svezia
8.530400000000000,47.377600000000001,11.049022674560501,6.491504192352290,Svizzera
15.634600000000001,57.987600000000000,2.521339893341060,2.549369335174560,Svezia
15.992200000000000,59.513900000000000,2.802743434906010,2.749442338943480,Svezia
8.904700000000000,47.479799999999997,8.265213966369632,5.244200229644780,Svizzera
8.613400000000000,47.402900000000002,9.928671836853029,6.023194789886470,Svizzera
7.440900000000000,46.951000000000001,8.780171394348139,5.275636196136470,Svizzera
15.472000000000000,59.728200000000001,2.136933803558350,2.363792657852170,Svezia
20.230000000000000,67.855800000000002,1.822805047035220,2.142744064331050,Svezia
8.463300000000000,47.067399999999999,8.560710906982420,5.366852760314940,Svizzera
15.621000000000000,56.263900000000000,3.631931304931640,3.067439794540410,Svezia
20.960500000000000,64.750500000000002,2.077336788177490,2.296401500701900,Svezia
8.933900000000000,46.160299999999999,6.742519855499270,4.948844432830810,Svizzera
12.863400000000000,56.672100000000000,4.692006111145020,3.761065006256100,Svezia
18.303599999999999,57.636899999999997,3.099206447601320,2.946630716323850,Svezia
7.583300000000000,47.541100000000000,9.974537849426270,5.908945560455320,Svizzera
18.133600000000001,59.364199999999997,3.552509784698490,3.233384132385250,Svezia
14.315300000000001,58.791600000000003,2.441403388977050,2.584976196289060,Svezia
22.140400000000000,65.580600000000004,3.093149900436400,2.810333967208860,Svezia
14.421500000000000,61.997300000000003,1.260421872138980,1.886136412620540,Svezia
14.786099999999999,56.878599999999999,3.611858367919920,3.135908842086790,Svezia
14.583299999999999,56.052599999999998,4.159006595611570,3.349570274353030,Svezia
13.519299999999999,56.175300000000000,4.067491054534911,3.346789598464970,Svezia
18.077400000000001,59.399400000000000,3.916993856430050,3.391147375106810,Svezia
7.148300000000000,46.139000000000003,4.551610469818120,4.035828113555910,Svizzera
7.449600000000000,46.949100000000001,7.792029380798340,5.242531776428220,Svizzera
8.570100000000000,47.438699999999997,11.263213157653800,6.516915798187260,Svizzera
12.403000000000000,57.952500000000001,3.110357284545900,3.084832191467290,Svezia
6.074200000000000,46.231099999999998,8.324679374694822,5.475031375885010,Svizzera
6.005200000000000,46.162599999999998,9.111983299255369,5.741559505462650,Svizzera
13.942000000000000,56.834800000000001,3.447720289230350,3.017863273620610,Svezia
8.300700000000003,47.067700000000002,10.456686973571800,6.137501239776610,Svizzera
35.312399999999997,36.999200000000002,17.954544067382798,11.240465164184601,Turchia
35.344000000000001,37.004100000000001,16.252141952514599,11.191121101379400,Turchia
35.651800000000001,40.836799999999997,8.672019004821779,6.085268497467040,Turchia
15.433900000000000,60.484499999999997,3.092284440994260,2.811129808425900,Svezia
32.859400000000001,39.927300000000002,22.909444808960000,12.740449905395501,Turchia
18.716100000000001,63.291400000000003,2.386197566986080,2.484172105789180,Svezia
8.731800000000000,47.500200000000000,9.940083503723139,5.794853687286380,Svizzera
32.585200000000000,39.972000000000001,13.063176155090300,8.507125854492189,Turchia
35.349100000000000,36.854500000000002,12.955143928527800,9.662172317504879,Turchia
15.214900000000000,59.268300000000004,3.390946865081790,3.018330335617070,Svezia
35.838000000000001,40.657200000000003,6.321441173553470,4.952071189880370,Turchia
30.542899999999999,38.751800000000003,10.499612808227500,7.045589923858640,Turchia
12.941700000000001,57.720300000000002,3.918137550354000,3.277002334594730,Svezia
27.975000000000001,40.347900000000003,13.193024635314901,9.317836761474609,Turchia
30.052900000000001,39.904000000000003,9.339237213134769,6.470866680145260,Turchia
29.080500000000001,40.185699999999997,17.847965240478501,11.660224914550801,Turchia
35.261899999999997,37.186399999999999,8.450038909912109,7.117103576660160,Turchia
9.394399999999999,47.406700000000001,7.429038047790530,5.032521724700930,Svizzera
27.978600000000000,40.489699999999999,12.081124305725099,8.845914840698240,Turchia
27.049800000000001,40.029200000000003,11.061954498291000,7.805245399475100,Turchia
35.457500000000003,40.874299999999998,6.326710700988770,4.915248870849610,Turchia
32.795699999999997,39.967700000000001,21.802412033081101,11.951128005981399,Turchia
29.977799999999998,40.141100000000002,8.798290252685550,6.380563735961910,Turchia
29.205400000000001,40.195399999999999,14.143628120422401,9.460911750793461,Turchia
33.017299999999999,40.290799999999997,6.272666931152340,5.289999008178710,Turchia
32.840800000000002,39.896400000000000,14.845040321350099,9.929636001586911,Turchia
34.967300000000002,40.546599999999998,10.199120521545399,6.685730934143070,Turchia
32.862800000000000,39.967300000000002,22.541515350341800,12.763829231262200,Turchia
27.818000000000001,37.854399999999998,8.464512825012212,6.304449081420900,Turchia
30.294499999999999,37.722999999999999,6.617927551269530,5.390722274780270,Turchia
29.038100000000000,40.234400000000001,26.557426452636701,14.824004173278800,Turchia
32.926800000000000,39.925400000000003,11.875508308410600,8.378876686096190,Turchia
26.770600000000002,40.403100000000002,10.538414955139199,9.241972923278810,Turchia
26.405799999999999,40.136899999999997,10.665569305419901,7.616423606872560,Turchia
16.553899999999999,59.611400000000003,3.385510921478270,2.969605684280400,Svezia
26.585000000000001,41.659199999999998,8.320466041564940,6.054945468902590,Turchia
27.895800000000001,39.633899999999997,13.238660812377899,8.886956214904790,Turchia
34.963099999999997,40.554200000000002,9.288547515869141,6.578479290008540,Turchia
30.702800000000000,36.887599999999999,9.715129852294920,7.424032688140870,Turchia
36.152400000000000,36.207900000000002,12.428139686584499,9.516767501831049,Turchia
31.601700000000001,40.733100000000000,18.846467971801800,11.634598731994600,Turchia
28.871500000000001,40.223399999999998,13.151205062866200,8.921400070190430,Turchia
28.789899999999999,41.095500000000001,13.438903808593800,11.557440757751500,Turchia
26.635300000000001,40.851199999999999,7.095199108123780,5.646794319152830,Turchia
28.255500000000001,41.073200000000000,9.209629058837891,7.031162261962890,Turchia
29.500200000000000,40.080900000000000,12.995661735534700,8.525341987609860,Turchia
29.099699999999999,41.024400000000000,20.787101745605501,13.757039070129400,Turchia
28.838699999999999,41.002499999999998,41.228019714355497,19.051603317260700,Turchia
28.669599999999999,41.020299999999999,14.625157356262200,10.317984580993700,Turchia
36.223900000000000,36.714100000000002,16.727973937988299,11.616114616394000,Turchia
29.059000000000001,41.074599999999997,21.977176666259801,15.256090164184601,Turchia
28.994499999999999,41.066000000000003,24.501890182495099,14.843123435974100,Turchia
29.268799999999999,40.984499999999997,13.877309799194300,9.888109207153320,Turchia
28.954699999999999,41.014699999999998,27.487886428833001,17.983987808227500,Turchia
29.207500000000000,40.890000000000001,17.638805389404300,11.815262794494600,Turchia
29.033600000000000,40.991900000000001,16.609033584594702,12.689369201660201,Turchia
33.616900000000001,40.599699999999999,9.038673400878910,6.429111957550050,Turchia
29.120999999999999,40.857900000000001,14.647776603698700,11.387432098388700,Turchia
30.501100000000001,39.780500000000004,14.700019836425801,9.086192131042480,Turchia
13.223500000000000,55.648699999999998,5.621460914611820,4.049149036407470,Svezia
29.563400000000001,41.170499999999997,9.301621437072750,7.164443492889400,Turchia
28.056000000000001,41.885199999999998,5.845071792602540,5.218710422515870,Turchia
27.345900000000000,41.398400000000002,7.421191215515140,5.767665863037110,Turchia
35.469600000000000,38.723599999999998,10.994282722473100,7.298369884490970,Turchia
34.634999999999998,36.806100000000001,20.284639358520501,13.374147415161101,Turchia
16.638900000000000,57.758699999999997,2.733796119689940,2.683574199676510,Svezia
29.884499999999999,40.704200000000000,14.016067504882800,9.756283760070801,Turchia
28.872000000000000,41.101999999999997,14.676884651184100,11.204564094543500,Turchia
32.508000000000003,37.944699999999997,8.296535491943359,6.352056503295900,Turchia
27.082799999999999,38.395800000000001,14.234872817993200,10.370877265930201,Turchia
28.826699999999999,40.998899999999999,23.297924041748001,18.694589614868200,Turchia
26.832899999999999,38.203400000000002,10.662394523620600,7.755213737487790,Turchia
32.516300000000001,37.868200000000002,9.367084503173830,6.595565795898440,Turchia
27.166699999999999,38.462200000000003,15.699944496154799,10.882081031799300,Turchia
35.515599999999999,38.724899999999998,9.372818946838381,6.717247009277340,Turchia
35.375300000000003,38.740299999999998,9.644057273864750,6.756889820098880,Turchia
27.148299999999999,38.382500000000000,21.853206634521499,13.238739967346200,Turchia
27.777500000000000,41.563499999999998,5.873706817626950,5.061643600463870,Turchia
29.162199999999999,41.013599999999997,14.708545684814499,10.637311935424799,Turchia
27.137300000000000,38.314500000000002,18.367389678955099,11.617930412292500,Turchia
34.159300000000002,39.148400000000002,6.302526473999020,4.973477363586430,Turchia
29.985900000000001,39.418799999999997,9.730897903442379,6.717576503753660,Turchia
27.144400000000001,38.432200000000002,24.027666091918899,14.350332260131800,Turchia
30.007700000000000,40.771000000000001,12.058748245239300,8.939096450805662,Turchia
29.794599999999999,40.725999999999999,12.517242431640600,9.365904808044430,Turchia
11.921600000000000,57.863399999999999,3.918005943298340,3.452989101409910,Svezia
27.221399999999999,38.469200000000001,15.843925476074199,10.371285438537599,Turchia
27.067799999999998,38.497999999999998,15.430000305175801,10.448258399963400,Turchia
30.547100000000000,37.777000000000001,14.345321655273400,9.090454101562500,Turchia
29.049700000000001,41.128900000000002,18.261302947998001,13.240454673767101,Turchia
29.537199999999999,40.788699999999999,15.461348533630400,10.810467720031699,Turchia
17.919899999999998,59.488999999999997,3.370900630950930,3.042919397354130,Svezia
30.006599999999999,41.130699999999997,9.308234214782720,7.365469932556150,Turchia
27.612900000000000,39.181399999999996,10.758449554443400,7.524480819702150,Turchia
29.938099999999999,40.768099999999997,22.657863616943398,13.213907241821300,Turchia
27.214500000000001,41.724499999999999,6.261554241180420,5.154271125793460,Turchia
36.561599999999999,40.671799999999998,6.896336555480960,5.223804473876950,Turchia
35.907400000000003,41.562399999999997,7.542039394378660,5.857227325439450,Turchia
29.097100000000001,37.766399999999997,12.320937156677200,8.044485092163089,Turchia
34.777000000000001,41.461199999999998,6.398830890655520,4.968383312225340,Turchia
36.296599999999998,41.325400000000002,7.542082786560060,6.875096797943120,Turchia
34.995600000000003,42.073799999999999,5.410900592803960,4.980494976043700,Turchia
27.404800000000002,38.615299999999998,14.876458168029799,9.585259437561040,Turchia
29.404399999999999,38.664000000000001,7.397002696990970,5.656092166900630,Turchia
36.082799999999999,40.385599999999997,7.687937736511230,5.602156639099120,Turchia
36.352400000000003,41.263199999999998,25.012620925903299,14.614558219909700,Turchia
27.503200000000000,40.977300000000000,8.646444320678709,6.928958892822270,Turchia
28.357199999999999,37.215800000000002,6.771435260772710,5.454768180847170,Turchia
34.702500000000001,38.616000000000000,6.296762943267820,5.172465801239010,Turchia
36.455100000000002,41.223500000000001,8.036284446716310,6.037706375122070,Turchia
28.147200000000002,37.343100000000000,9.255347251892090,6.721510410308840,Turchia
36.552100000000003,40.318700000000000,6.404764175415040,4.923899173736570,Turchia
30.409900000000000,40.769300000000001,17.833663940429702,10.578162193298301,Turchia
-3.206100000000000,55.315300000000001,2.985144138336180,2.955487489700320,Gran Bretagna
36.898499999999999,37.584899999999998,7.340301990509030,6.127709865570070,Turchia
27.980200000000000,41.318399999999997,7.493464469909670,5.974669456481930,Turchia
30.396899999999999,40.790700000000001,15.322307586669901,10.248262405395501,Turchia
33.518200000000000,39.843100000000000,43.820812225341797,23.038270950317401,Turchia
34.683300000000003,37.966700000000003,7.755413532257080,5.887176513671880,Turchia
0.506100000000000,52.559899999999999,6.900101661682130,4.858775615692140,Gran Bretagna
29.260000000000002,40.653300000000002,16.022386550903299,11.538671493530300,Turchia
34.013300000000001,38.368000000000002,7.169826507568360,5.540782451629640,Turchia
35.154899999999998,42.029600000000002,5.564536094665530,5.040814876556400,Turchia
-3.716500000000000,50.597600000000000,4.881817817687990,4.095933914184571,Gran Bretagna
-0.808600000000000,54.334899999999998,5.118057250976560,4.049657344818120,Gran Bretagna
34.805700000000002,39.818899999999999,5.420457839965820,4.604368686676030,Turchia
0.181300000000000,50.793700000000001,6.634422302246090,4.918052196502690,Gran Bretagna
-4.691500000000000,51.781799999999997,4.644071102142330,4.013669490814210,Gran Bretagna
29.507899999999999,40.700600000000001,13.060843467712401,10.072681427001999,Turchia
33.132500000000000,37.116399999999999,6.499826908111570,5.270121097564700,Turchia
32.335099999999997,41.630499999999998,12.337265968322800,8.253561973571779,Turchia
-3.242900000000000,55.792200000000001,3.335356712341310,2.974874973297120,Gran Bretagna
31.783600000000000,41.450600000000001,12.939235687255900,8.894399642944339,Turchia
31.148099999999999,40.845599999999997,14.246245384216300,8.939079284667972,Turchia
-1.275000000000000,54.605400000000003,6.258387565612790,4.540691375732420,Gran Bretagna
1.614800000000000,52.727100000000000,6.402151584625240,4.535525321960450,Gran Bretagna
-1.395800000000000,50.908099999999997,7.477252483367920,5.212215423583980,Gran Bretagna
-7.900300000000000,54.439500000000002,2.595160722732540,2.780256748199460,Gran Bretagna
0.184800000000000,51.466000000000001,7.753687381744380,5.353895664215090,Gran Bretagna
-4.776600000000000,57.734499999999997,1.724426984786990,2.175894260406490,Gran Bretagna
-1.325300000000000,51.571100000000001,6.701950073242190,4.823796272277830,Gran Bretagna
-2.237900000000000,53.481499999999997,8.740859985351562,5.709068298339840,Gran Bretagna
-2.450800000000000,54.684199999999997,3.444752693176270,2.992800474166870,Gran Bretagna
-1.396100000000000,53.410600000000002,7.843310832977290,5.188653469085690,Gran Bretagna
-3.205800000000000,55.862299999999998,3.974171161651610,3.304041862487790,Gran Bretagna
-1.610500000000000,54.978200000000001,6.187576770782470,4.410720348358150,Gran Bretagna
-0.125900000000000,51.522300000000001,9.295693397521971,5.876771450042720,Gran Bretagna
-2.472100000000000,53.460099999999997,7.615728855133060,5.244263172149660,Gran Bretagna
-1.752000000000000,53.403399999999998,5.675203800201420,4.195375442504880,Gran Bretagna
28.784600000000001,40.529400000000003,11.811874389648400,9.164282798767090,Turchia
0.070800000000000,51.452599999999997,8.266520500183113,5.553905487060550,Gran Bretagna
-5.928800000000000,54.599600000000002,4.596740245819090,3.707386970520020,Gran Bretagna
-3.176300000000000,51.481800000000000,6.315937995910640,4.711739063262940,Gran Bretagna
-3.034200000000000,52.503799999999998,4.854111194610600,3.897238254547120,Gran Bretagna
-1.533100000000000,52.288800000000002,7.184051990509030,5.007580280303960,Gran Bretagna
-1.220900000000000,54.569299999999998,7.095232486724850,4.682251930236820,Gran Bretagna
-0.213500000000000,51.521000000000001,8.765670776367189,5.687039852142330,Gran Bretagna
-1.257500000000000,51.751700000000000,7.228642463684080,5.040502548217770,Gran Bretagna
0.290900000000000,52.298499999999997,7.155010700225830,5.003044605255130,Gran Bretagna
1.098100000000000,51.274000000000001,6.963888645172120,4.980016708374020,Gran Bretagna
-1.546500000000000,53.803800000000003,7.355354309082030,5.076876640319820,Gran Bretagna
-0.460900000000000,51.496299999999998,8.969332695007322,5.804370403289790,Gran Bretagna
-0.068200000000000,51.599299999999999,8.704722404479980,5.772938251495360,Gran Bretagna
-2.334100000000000,53.484800000000000,8.365459442138670,5.539302825927730,Gran Bretagna
-4.142400000000001,50.371699999999997,5.900394439697270,4.830132007598880,Gran Bretagna
-7.329100000000000,55.001199999999997,3.933700561523440,3.242422103881840,Gran Bretagna
-1.146500000000000,52.954700000000003,7.800247669219970,5.251749515533450,Gran Bretagna
-1.297100000000000,53.256399999999999,7.358883857727050,5.072444915771480,Gran Bretagna
-2.775400000000000,54.013599999999997,5.399154663085940,4.189345836639400,Gran Bretagna
-4.964200000000000,56.714399999999998,2.169980049133300,2.415651559829710,Gran Bretagna
-3.182200000000000,55.945599999999999,4.750664710998540,3.582478046417240,Gran Bretagna
-3.704400000000000,56.010300000000001,5.802926063537600,4.229038238525390,Gran Bretagna
1.049000000000000,51.777999999999999,6.698337078094480,4.676748752593990,Gran Bretagna
-1.510400000000000,53.562899999999999,6.985803604125980,4.891088008880620,Gran Bretagna
-3.532500000000000,50.725099999999998,5.708898544311520,4.427208423614500,Gran Bretagna
-4.241500000000001,57.481299999999997,3.107176542282100,2.873572111129760,Gran Bretagna
-2.094300000000000,57.157400000000003,4.189761638641360,3.622030019760130,Gran Bretagna
-3.022700000000000,53.372900000000001,6.442244529724120,4.838057518005370,Gran Bretagna
36.241300000000003,37.073300000000003,13.555027961731000,9.763031959533690,Turchia
-2.844300000000000,53.346299999999999,8.029391288757322,5.455376148223880,Gran Bretagna
-2.243300000000000,53.369000000000000,8.265451431274412,5.497690677642820,Gran Bretagna
-0.339600000000000,51.420999999999999,7.895653724670410,5.352506160736080,Gran Bretagna
0.634900000000000,51.456200000000003,6.889856338500980,4.906049251556400,Gran Bretagna
-7.453900000000000,54.821399999999997,3.522056579589840,3.118882656097410,Gran Bretagna
0.124500000000000,52.202399999999997,7.506939888000490,5.127408027648930,Gran Bretagna
0.678400000000000,51.544199999999996,7.139467716217040,5.027449607849120,Gran Bretagna
-0.042200000000000,51.522500000000001,9.663583755493161,6.161446094512940,Gran Bretagna
-2.680400000000000,53.765599999999999,6.639341354370120,4.785365581512450,Gran Bretagna
-3.770800000000000,51.583900000000000,10.558556556701699,6.688169956207280,Gran Bretagna
-1.068600000000000,50.828800000000001,6.583619117736820,4.911743640899660,Gran Bretagna
-0.772200000000000,52.554400000000001,6.843208312988280,4.817736625671390,Gran Bretagna
-5.101100000000000,56.822699999999998,2.486782073974610,2.647920846939090,Gran Bretagna
-0.167700000000000,51.165900000000001,7.915032386779790,5.404646396636960,Gran Bretagna
-1.086500000000000,53.967500000000001,7.356395721435550,5.057342529296880,Gran Bretagna
-0.636800000000000,53.586300000000001,13.965238571166999,8.059149742126460,Gran Bretagna
-0.276200000000000,51.589799999999997,8.582336425781250,5.635905265808110,Gran Bretagna
-0.183000000000000,50.836599999999997,6.605376720428470,4.956126689910890,Gran Bretagna
-1.830600000000000,52.511699999999998,7.709938526153560,5.213125705718990,Gran Bretagna
0.318000000000000,51.477100000000000,7.911678314208980,5.442565917968750,Gran Bretagna
-1.826700000000000,50.739600000000003,5.784752845764160,4.501396656036380,Gran Bretagna
-2.354200000000000,51.391100000000002,6.467149257659910,4.747654914855960,Gran Bretagna
33.765000000000001,41.367400000000004,7.424072742462160,5.362254619598390,Turchia
0.582700000000000,51.307899999999997,7.460952281951900,5.242113590240480,Gran Bretagna
-0.075500000000000,51.424700000000001,8.107419967651373,5.541629791259770,Gran Bretagna
-1.358600000000000,54.516700000000000,6.112047672271730,4.389307975769041,Gran Bretagna
-2.615400000000000,53.389299999999999,7.733891487121580,5.280458927154540,Gran Bretagna
0.439500000000000,51.518200000000000,7.827941417694090,5.468803882598880,Gran Bretagna
-0.944100000000000,51.453099999999999,7.705881595611570,5.265037536621090,Gran Bretagna
-0.341200000000000,53.748800000000003,7.209937572479250,5.036739349365230,Gran Bretagna
-0.131900000000000,51.494700000000002,8.933812141418462,5.804896354675290,Gran Bretagna
-3.007000000000000,51.653799999999997,6.106618881225590,4.555003166198730,Gran Bretagna
-1.578600000000000,53.766100000000002,8.207215309143070,5.229545116424560,Gran Bretagna
-3.169300000000000,51.512400000000000,6.346294403076170,4.687094211578370,Gran Bretagna
-0.298800000000000,51.617300000000000,7.928366184234620,5.563581466674800,Gran Bretagna
-3.007200000000000,53.804900000000004,5.211350917816160,4.335512161254880,Gran Bretagna
-2.977300000000000,51.601199999999999,6.142860889434810,4.574672222137450,Gran Bretagna
-3.921300000000000,51.662100000000002,5.866031169891360,4.491330146789550,Gran Bretagna
-2.736700000000000,52.221699999999998,5.769264698028560,4.310120582580570,Gran Bretagna
-6.008300000000000,54.543799999999997,4.514615058898930,3.704172372817990,Gran Bretagna
-2.175100000000000,53.028199999999998,6.984309673309330,4.913750171661380,Gran Bretagna
-3.874000000000000,51.701700000000002,5.184340953826900,4.264985561370850,Gran Bretagna
-2.042800000000000,52.583100000000002,7.359787940979000,5.069111347198490,Gran Bretagna
-6.250900000000000,54.861600000000003,3.990677356719970,3.367824316024780,Gran Bretagna
32.622799999999998,41.196700000000000,239.087142944335994,117.464332580565994,Turchia
-1.127300000000000,52.619799999999998,8.181655883789062,5.446970939636230,Gran Bretagna
-3.614200000000000,55.070000000000000,3.924237966537480,3.391665935516360,Gran Bretagna
-1.439500000000000,53.600299999999997,7.003240108489990,4.879358291625980,Gran Bretagna
-1.536700000000000,55.211399999999998,5.111678123474120,3.916518688201900,Gran Bretagna
-2.945300000000000,54.894799999999996,4.606945991516110,3.642486810684200,Gran Bretagna
-3.939500000000000,51.645800000000001,5.838082313537600,4.518286705017090,Gran Bretagna
-6.654600000000000,54.353700000000003,3.789332628250120,3.289234638214110,Gran Bretagna
-7.332100000000000,54.992300000000000,3.501715660095210,3.187353372573850,Gran Bretagna
-3.002800000000000,53.042200000000001,5.252953529357910,4.223852634429930,Gran Bretagna
-0.534200000000000,53.221400000000003,7.586685657501220,5.152567863464360,Gran Bretagna
-2.962500000000000,53.446899999999999,7.728938102722170,5.347406864166260,Gran Bretagna
-0.125300000000000,51.584099999999999,8.391152381896973,5.664553165435790,Gran Bretagna
-1.406900000000000,54.883600000000001,5.843045711517330,4.321547031402590,Gran Bretagna
-4.243600000000000,55.865800000000000,6.267436504364010,4.498293399810790,Gran Bretagna
-2.638100000000000,53.549100000000003,7.594305038452150,5.225539684295650,Gran Bretagna
-0.597200000000000,53.595799999999997,8.449198722839363,6.101841926574710,Gran Bretagna
-2.678700000000000,51.638100000000001,6.617358684539790,4.834677219390870,Gran Bretagna
0.271600000000000,50.805799999999998,7.047058582305910,5.016522407531740,Gran Bretagna
-2.093800000000000,53.579300000000003,7.431375503540040,5.081781387329100,Gran Bretagna
-0.879900000000000,52.271900000000002,7.142768859863280,4.982867240905760,Gran Bretagna
0.548000000000000,51.374299999999998,8.029541015625000,5.423865795135500,Gran Bretagna
-2.452700000000000,53.747799999999998,6.981292724609380,4.890114784240720,Gran Bretagna
-1.560200000000000,52.411600000000000,7.496604442596440,5.148100376129150,Gran Bretagna
-1.478100000000000,53.378599999999999,7.762569427490230,5.184129238128660,Gran Bretagna
-0.059600000000000,51.480499999999999,8.576467514038089,5.687750816345210,Gran Bretagna
-1.830000000000000,52.437199999999997,7.017045021057130,4.938487529754640,Gran Bretagna
-1.260300000000000,51.744799999999998,7.076441287994380,5.020390510559080,Gran Bretagna
-2.293800000000000,53.558999999999997,7.798030853271480,5.312278270721440,Gran Bretagna
-2.030500000000000,52.605600000000003,7.122403621673580,5.006206512451170,Gran Bretagna
-3.196500000000000,55.657499999999999,3.134431123733520,3.019499778747560,Gran Bretagna
-1.759800000000000,53.771200000000000,7.847468852996830,5.270871639251710,Gran Bretagna
-3.196700000000000,50.792299999999997,5.521807193756100,4.438939571380620,Gran Bretagna
-1.315900000000000,54.565800000000003,6.217391490936280,4.472576141357420,Gran Bretagna
-1.456900000000000,53.231699999999996,7.227630138397220,4.952685832977290,Gran Bretagna
-1.408400000000000,54.918399999999998,6.028197288513180,4.342303276062010,Gran Bretagna
1.302000000000000,52.614199999999997,7.302678108215330,5.002394676208500,Gran Bretagna
-2.747100000000000,53.326200000000000,7.278049945831300,5.113280296325680,Gran Bretagna
-0.300300000000000,52.132399999999997,7.085016250610350,5.031968116760250,Gran Bretagna
-1.595400000000000,54.986400000000003,6.150800704956050,4.406939983367920,Gran Bretagna
-0.449500000000000,50.916899999999998,7.287014007568360,5.157021522521970,Gran Bretagna
32.475299999999997,37.860100000000003,11.052589416503899,7.135238170623780,Turchia
-2.111900000000000,52.980400000000003,7.256863117218020,4.998839855194090,Gran Bretagna
-5.353200000000000,36.133299999999998,14.270516395568800,14.311526298522899,Spagna
-2.584500000000000,51.462800000000001,6.920385837554930,4.962650299072270,Gran Bretagna
-4.559700000000000,55.943199999999997,4.434701919555660,3.605340003967290,Gran Bretagna
-4.041900000000000,51.074800000000003,4.898083686828610,4.063638210296630,Gran Bretagna
-1.438200000000000,51.149600000000000,6.416167736053470,4.734992027282710,Gran Bretagna
1.122000000000000,52.950499999999998,5.927309036254880,4.404206275939940,Gran Bretagna
-2.683500000000000,51.056199999999997,6.105515956878660,4.665215969085690,Gran Bretagna
-2.106500000000000,57.144599999999997,4.025959968566890,3.519192695617680,Gran Bretagna
-3.133500000000000,51.680599999999998,5.955088615417480,4.437044620513920,Gran Bretagna
-2.003500000000000,52.502400000000002,7.354416370391850,5.064661026000980,Gran Bretagna
-0.305700000000000,53.759000000000000,7.243734359741210,5.031339168548580,Gran Bretagna
-2.731700000000000,53.365400000000001,7.704443454742430,5.292519092559810,Gran Bretagna
-4.227700000000000,50.411499999999997,5.231790065765380,4.356606483459470,Gran Bretagna
-0.462100000000000,51.892299999999999,7.623162746429440,5.217674255371090,Gran Bretagna
-0.814700000000000,52.930300000000003,7.116099834442140,4.958285331726070,Gran Bretagna
-1.138100000000000,53.518200000000000,7.601616859436040,5.149523258209230,Gran Bretagna
1.463500000000000,52.294400000000003,6.899400711059570,4.756462097167970,Gran Bretagna
-1.185300000000000,60.139200000000002,3.135628461837770,3.544392108917240,Gran Bretagna
